#
# There is insufficient memory for the Java Runtime Environment to continue.
# Native memory allocation (malloc) failed to allocate 1693136 bytes. Error detail: Chunk::new
# Possible reasons:
#   The system is out of physical RAM or swap space
#   This process is running with CompressedOops enabled, and the Java Heap may be blocking the growth of the native heap
# Possible solutions:
#   Reduce memory load on the system
#   Increase physical memory or swap space
#   Check if swap backing store is full
#   Decrease Java heap size (-Xmx/-Xms)
#   Decrease number of Java threads
#   Decrease Java thread stack sizes (-Xss)
#   Set larger code cache with -XX:ReservedCodeCacheSize=
#   JVM is running with Unscaled Compressed Oops mode in which the Java heap is
#     placed in the first 4GB address space. The Java Heap base address is the
#     maximum limit for the native heap growth. Please use -XX:HeapBaseMinAddress
#     to set the Java Heap base and to place the Java Heap above 4GB virtual address.
# This output file may be truncated or incomplete.
#
#  Out of Memory Error (arena.cpp:168), pid=25412, tid=36828
#
# JRE version: OpenJDK Runtime Environment (21.0.8) (build 21.0.8+-14196175-b1038.72)
# Java VM: OpenJDK 64-Bit Server VM (21.0.8+-14196175-b1038.72, mixed mode, tiered, compressed oops, compressed class ptrs, g1 gc, windows-amd64)
# No core dump will be written. Minidumps are not enabled by default on client versions of Windows
#

---------------  S U M M A R Y ------------

Command Line: --add-opens=java.base/java.util=ALL-UNNAMED --add-opens=java.base/java.lang=ALL-UNNAMED --add-opens=java.base/java.lang.invoke=ALL-UNNAMED --add-opens=java.prefs/java.util.prefs=ALL-UNNAMED --add-opens=java.base/java.nio.charset=ALL-UNNAMED --add-opens=java.base/java.net=ALL-UNNAMED --add-opens=java.base/java.util.concurrent.atomic=ALL-UNNAMED -Xmx2048m -Dfile.encoding=UTF-8 -Duser.country=IN -Duser.language=en -Duser.variant -javaagent:C:\Users\saiku\.gradle\wrapper\dists\gradle-8.2-bin\bbg7u40eoinfdyxsxr3z4i7ta\gradle-8.2\lib\agents\gradle-instrumentation-agent-8.2.jar org.gradle.launcher.daemon.bootstrap.GradleDaemon 8.2

Host: 12th Gen Intel(R) Core(TM) i5-12450HX, 12 cores, 15G,  Windows 11 , 64 bit Build 26100 (10.0.26100.7920)
Time: Thu Mar 12 12:27:11 2026 India Standard Time elapsed time: 40.793111 seconds (0d 0h 0m 40s)

---------------  T H R E A D  ---------------

Current thread (0x000001be3913f380):  JavaThread "C2 CompilerThread1" daemon [_thread_in_native, id=36828, stack(0x000000bafd400000,0x000000bafd500000) (1024K)]


Current CompileTask:
C2:40793 20749   !   4       java.io.ObjectOutputStream::writeObject0 (620 bytes)

Stack: [0x000000bafd400000,0x000000bafd500000]
Native frames: (J=compiled Java code, j=interpreted, Vv=VM code, C=native code)
V  [jvm.dll+0x6d68d9]
V  [jvm.dll+0x866693]
V  [jvm.dll+0x868c4e]
V  [jvm.dll+0x869333]
V  [jvm.dll+0x280566]
V  [jvm.dll+0xc07cd]
V  [jvm.dll+0xc0d03]
V  [jvm.dll+0x3b961b]
V  [jvm.dll+0x1dfd12]
V  [jvm.dll+0x2493a4]
V  [jvm.dll+0x248821]
V  [jvm.dll+0x1c73a4]
V  [jvm.dll+0x257f9e]
V  [jvm.dll+0x2564e6]
V  [jvm.dll+0x3f4696]
V  [jvm.dll+0x80eac8]
V  [jvm.dll+0x6d512d]
C  [ucrtbase.dll+0x37b0]
C  [KERNEL32.DLL+0x2e8d7]
C  [ntdll.dll+0x8c48c]


---------------  P R O C E S S  ---------------

Threads class SMR info:
_java_thread_list=0x000001be3348a8b0, length=59, elements={
0x000001be115070c0, 0x000001be29170100, 0x000001be291800a0, 0x000001be29174190,
0x000001be291a3b80, 0x000001be291a45e0, 0x000001be291a7050, 0x000001be29192e20,
0x000001be291937c0, 0x000001be29196270, 0x000001be29628280, 0x000001be29710d30,
0x000001be2ecd0c90, 0x000001be2f198850, 0x000001be2f1a9890, 0x000001be2eef3830,
0x000001be2ee2ba00, 0x000001be2ee2c090, 0x000001be2ee2c720, 0x000001be2ee2cdb0,
0x000001be2ee29fc0, 0x000001be2f6b2a40, 0x000001be2f6b0970, 0x000001be2f6b23b0,
0x000001be2f6b1690, 0x000001be31724240, 0x000001be31722170, 0x000001be31723520,
0x000001be31722e90, 0x000001be31725c80, 0x000001be31722800, 0x000001be31726310,
0x000001be317269a0, 0x000001be31727030, 0x000001be317276c0, 0x000001be31727d50,
0x000001be2f464cf0, 0x000001be3323ca10, 0x000001be33239c20, 0x000001be391fbda0,
0x000001be391fde70, 0x000001be391fc430, 0x000001be391fe500, 0x000001be391feb90,
0x000001be391fb710, 0x000001be3a42ab40, 0x000001be3a4276c0, 0x000001be3a427d50,
0x000001be3a42b860, 0x000001be3a4283e0, 0x000001be3a42d2a0, 0x000001be3a42b1d0,
0x000001be3a42c580, 0x000001be3a42bef0, 0x000001be3a42d930, 0x000001be3a42dfc0,
0x000001be3913f380, 0x000001be3a42e650, 0x000001be39c11110
}

Java Threads: ( => current thread )
  0x000001be115070c0 JavaThread "main"                              [_thread_blocked, id=13940, stack(0x000000baf0100000,0x000000baf0200000) (1024K)]
  0x000001be29170100 JavaThread "Common-Cleaner"             daemon [_thread_blocked, id=29284, stack(0x000000baf0900000,0x000000baf0a00000) (1024K)]
  0x000001be291800a0 JavaThread "Reference Handler"          daemon [_thread_blocked, id=3000, stack(0x000000baf0a00000,0x000000baf0b00000) (1024K)]
  0x000001be29174190 JavaThread "Finalizer"                  daemon [_thread_blocked, id=3436, stack(0x000000baf0b00000,0x000000baf0c00000) (1024K)]
  0x000001be291a3b80 JavaThread "Signal Dispatcher"          daemon [_thread_blocked, id=36296, stack(0x000000baf0c00000,0x000000baf0d00000) (1024K)]
  0x000001be291a45e0 JavaThread "Attach Listener"            daemon [_thread_blocked, id=20444, stack(0x000000baf0d00000,0x000000baf0e00000) (1024K)]
  0x000001be291a7050 JavaThread "Service Thread"             daemon [_thread_blocked, id=24000, stack(0x000000baf0e00000,0x000000baf0f00000) (1024K)]
  0x000001be29192e20 JavaThread "Monitor Deflation Thread"   daemon [_thread_blocked, id=35696, stack(0x000000baf0f00000,0x000000baf1000000) (1024K)]
  0x000001be291937c0 JavaThread "C2 CompilerThread0"         daemon [_thread_in_native, id=22076, stack(0x000000baf1000000,0x000000baf1100000) (1024K)]
  0x000001be29196270 JavaThread "C1 CompilerThread0"         daemon [_thread_blocked, id=2304, stack(0x000000baf1100000,0x000000baf1200000) (1024K)]
  0x000001be29628280 JavaThread "Notification Thread"        daemon [_thread_blocked, id=30644, stack(0x000000baf1200000,0x000000baf1300000) (1024K)]
  0x000001be29710d30 JavaThread "Daemon health stats"               [_thread_blocked, id=33080, stack(0x000000baf1300000,0x000000baf1400000) (1024K)]
  0x000001be2ecd0c90 JavaThread "Incoming local TCP Connector on port 59376"        [_thread_in_native, id=18908, stack(0x000000baf1900000,0x000000baf1a00000) (1024K)]
  0x000001be2f198850 JavaThread "Daemon periodic checks"            [_thread_blocked, id=12148, stack(0x000000baf1a00000,0x000000baf1b00000) (1024K)]
  0x000001be2f1a9890 JavaThread "Daemon"                            [_thread_blocked, id=20588, stack(0x000000baf1b00000,0x000000baf1c00000) (1024K)]
  0x000001be2eef3830 JavaThread "Daemon worker"                     [_thread_blocked, id=6896, stack(0x000000baf1e00000,0x000000baf1f00000) (1024K)]
  0x000001be2ee2ba00 JavaThread "Cache worker for journal cache (C:\Users\saiku\.gradle\caches\journal-1)"        [_thread_blocked, id=35556, stack(0x000000baf2800000,0x000000baf2900000) (1024K)]
  0x000001be2ee2c090 JavaThread "File lock request listener"        [_thread_in_native, id=10560, stack(0x000000baf2900000,0x000000baf2a00000) (1024K)]
  0x000001be2ee2c720 JavaThread "Cache worker for file hash cache (C:\Users\saiku\.gradle\caches\8.2\fileHashes)"        [_thread_blocked, id=30432, stack(0x000000baf2b00000,0x000000baf2c00000) (1024K)]
  0x000001be2ee2cdb0 JavaThread "File watcher server"        daemon [_thread_in_native, id=4220, stack(0x000000baf2d00000,0x000000baf2e00000) (1024K)]
  0x000001be2ee29fc0 JavaThread "File watcher consumer"      daemon [_thread_blocked, id=34208, stack(0x000000baf2e00000,0x000000baf2f00000) (1024K)]
  0x000001be2f6b2a40 JavaThread "Cache worker for file content cache (C:\Users\saiku\.gradle\caches\8.2\fileContent)"        [_thread_blocked, id=14756, stack(0x000000baf3100000,0x000000baf3200000) (1024K)]
  0x000001be2f6b0970 JavaThread "Cache worker for execution history cache (C:\Users\saiku\.gradle\caches\8.2\executionHistory)"        [_thread_blocked, id=32348, stack(0x000000baf3400000,0x000000baf3500000) (1024K)]
  0x000001be2f6b23b0 JavaThread "jar transforms"                    [_thread_blocked, id=26604, stack(0x000000baf2c00000,0x000000baf2d00000) (1024K)]
  0x000001be2f6b1690 JavaThread "jar transforms Thread 2"           [_thread_blocked, id=32968, stack(0x000000baf3500000,0x000000baf3600000) (1024K)]
  0x000001be31724240 JavaThread "jar transforms Thread 3"           [_thread_blocked, id=2488, stack(0x000000baf3700000,0x000000baf3800000) (1024K)]
  0x000001be31722170 JavaThread "jar transforms Thread 4"           [_thread_blocked, id=23416, stack(0x000000baf3800000,0x000000baf3900000) (1024K)]
  0x000001be31723520 JavaThread "jar transforms Thread 5"           [_thread_blocked, id=13760, stack(0x000000baf3900000,0x000000baf3a00000) (1024K)]
  0x000001be31722e90 JavaThread "jar transforms Thread 6"           [_thread_blocked, id=35412, stack(0x000000baf3a00000,0x000000baf3b00000) (1024K)]
  0x000001be31725c80 JavaThread "jar transforms Thread 7"           [_thread_blocked, id=5328, stack(0x000000baf3b00000,0x000000baf3c00000) (1024K)]
  0x000001be31722800 JavaThread "jar transforms Thread 8"           [_thread_blocked, id=25312, stack(0x000000baf3c00000,0x000000baf3d00000) (1024K)]
  0x000001be31726310 JavaThread "jar transforms Thread 9"           [_thread_blocked, id=10132, stack(0x000000baf3d00000,0x000000baf3e00000) (1024K)]
  0x000001be317269a0 JavaThread "jar transforms Thread 10"          [_thread_blocked, id=34824, stack(0x000000baf3e00000,0x000000baf3f00000) (1024K)]
  0x000001be31727030 JavaThread "jar transforms Thread 11"          [_thread_blocked, id=19228, stack(0x000000baf3f00000,0x000000baf4000000) (1024K)]
  0x000001be317276c0 JavaThread "jar transforms Thread 12"          [_thread_blocked, id=2132, stack(0x000000baf4000000,0x000000baf4100000) (1024K)]
  0x000001be31727d50 JavaThread "Cache worker for kotlin-dsl (C:\Users\saiku\.gradle\caches\8.2\kotlin-dsl)"        [_thread_blocked, id=30672, stack(0x000000baf4100000,0x000000baf4200000) (1024K)]
  0x000001be2f464cf0 JavaThread "Memory manager"                    [_thread_blocked, id=8612, stack(0x000000baf4f00000,0x000000baf5000000) (1024K)]
  0x000001be3323ca10 JavaThread "pool-3-thread-1"                   [_thread_blocked, id=19548, stack(0x000000baf5200000,0x000000baf5300000) (1024K)]
  0x000001be33239c20 JavaThread "included builds"                   [_thread_blocked, id=25696, stack(0x000000baf5400000,0x000000baf5500000) (1024K)]
  0x000001be391fbda0 JavaThread "RMI Scheduler(0)"           daemon [_thread_blocked, id=23372, stack(0x000000baf2a00000,0x000000baf2b00000) (1024K)]
  0x000001be391fde70 JavaThread "RMI GC Daemon"              daemon [_thread_blocked, id=14272, stack(0x000000bafd500000,0x000000bafd600000) (1024K)]
  0x000001be391fc430 JavaThread "File lock release action executor"        [_thread_blocked, id=35036, stack(0x000000bafd600000,0x000000bafd700000) (1024K)]
  0x000001be391fe500 JavaThread "RMI TCP Accept-0"           daemon [_thread_in_native, id=33180, stack(0x000000bafd700000,0x000000bafd800000) (1024K)]
  0x000001be391feb90 JavaThread "RMI Reaper"                        [_thread_blocked, id=14444, stack(0x000000bafd800000,0x000000bafd900000) (1024K)]
  0x000001be391fb710 JavaThread "RMI TCP Connection(2)-127.0.0.1" daemon [_thread_in_native, id=34532, stack(0x000000bafd900000,0x000000bafda00000) (1024K)]
  0x000001be3a42ab40 JavaThread "ForkJoinPool.commonPool-worker-1" daemon [_thread_blocked, id=15864, stack(0x000000bafe300000,0x000000bafe400000) (1024K)]
  0x000001be3a4276c0 JavaThread "ForkJoinPool.commonPool-worker-2" daemon [_thread_blocked, id=9460, stack(0x000000bafe400000,0x000000bafe500000) (1024K)]
  0x000001be3a427d50 JavaThread "ForkJoinPool.commonPool-worker-3" daemon [_thread_blocked, id=14008, stack(0x000000bafe500000,0x000000bafe600000) (1024K)]
  0x000001be3a42b860 JavaThread "ForkJoinPool.commonPool-worker-4" daemon [_thread_blocked, id=9036, stack(0x000000bafe600000,0x000000bafe700000) (1024K)]
  0x000001be3a4283e0 JavaThread "ForkJoinPool.commonPool-worker-5" daemon [_thread_blocked, id=34204, stack(0x000000bafe700000,0x000000bafe800000) (1024K)]
  0x000001be3a42d2a0 JavaThread "ForkJoinPool.commonPool-worker-6" daemon [_thread_blocked, id=18688, stack(0x000000bafe800000,0x000000bafe900000) (1024K)]
  0x000001be3a42b1d0 JavaThread "ForkJoinPool.commonPool-worker-7" daemon [_thread_blocked, id=25008, stack(0x000000bafe900000,0x000000bafea00000) (1024K)]
  0x000001be3a42c580 JavaThread "ForkJoinPool.commonPool-worker-8" daemon [_thread_blocked, id=3060, stack(0x000000bafea00000,0x000000bafeb00000) (1024K)]
  0x000001be3a42bef0 JavaThread "ForkJoinPool.commonPool-worker-9" daemon [_thread_blocked, id=17228, stack(0x000000bafeb00000,0x000000bafec00000) (1024K)]
  0x000001be3a42d930 JavaThread "ForkJoinPool.commonPool-worker-10" daemon [_thread_blocked, id=7064, stack(0x000000bafec00000,0x000000bafed00000) (1024K)]
  0x000001be3a42dfc0 JavaThread "ForkJoinPool.commonPool-worker-11" daemon [_thread_blocked, id=30388, stack(0x000000bafed00000,0x000000bafee00000) (1024K)]
=>0x000001be3913f380 JavaThread "C2 CompilerThread1"         daemon [_thread_in_native, id=36828, stack(0x000000bafd400000,0x000000bafd500000) (1024K)]
  0x000001be3a42e650 JavaThread "pool-2-thread-1"                   [_thread_in_native, id=15796, stack(0x000000baf4e00000,0x000000baf4f00000) (1024K)]
  0x000001be39c11110 JavaThread "C2 CompilerThread2"         daemon [_thread_in_native, id=2792, stack(0x000000baf5100000,0x000000baf5200000) (1024K)]
Total: 59

Other Threads:
  0x000001be2911ad70 VMThread "VM Thread"                           [id=36344, stack(0x000000baf0800000,0x000000baf0900000) (1024K)]
  0x000001be290d10a0 WatcherThread "VM Periodic Task Thread"        [id=34924, stack(0x000000baf0700000,0x000000baf0800000) (1024K)]
  0x000001be115627d0 WorkerThread "GC Thread#0"                     [id=17396, stack(0x000000baf0200000,0x000000baf0300000) (1024K)]
  0x000001be2e4c7050 WorkerThread "GC Thread#1"                     [id=22228, stack(0x000000baf1400000,0x000000baf1500000) (1024K)]
  0x000001be2e4d5020 WorkerThread "GC Thread#2"                     [id=26380, stack(0x000000baf1500000,0x000000baf1600000) (1024K)]
  0x000001be2e5f1030 WorkerThread "GC Thread#3"                     [id=24580, stack(0x000000baf1600000,0x000000baf1700000) (1024K)]
  0x000001be2e5f13d0 WorkerThread "GC Thread#4"                     [id=18660, stack(0x000000baf1700000,0x000000baf1800000) (1024K)]
  0x000001be2e5f1770 WorkerThread "GC Thread#5"                     [id=26080, stack(0x000000baf1800000,0x000000baf1900000) (1024K)]
  0x000001be2f2a7c80 WorkerThread "GC Thread#6"                     [id=22052, stack(0x000000baf2200000,0x000000baf2300000) (1024K)]
  0x000001be2f4e4770 WorkerThread "GC Thread#7"                     [id=8460, stack(0x000000baf2300000,0x000000baf2400000) (1024K)]
  0x000001be2f4e4b10 WorkerThread "GC Thread#8"                     [id=33008, stack(0x000000baf2400000,0x000000baf2500000) (1024K)]
  0x000001be2f4fa370 WorkerThread "GC Thread#9"                     [id=15828, stack(0x000000baf2500000,0x000000baf2600000) (1024K)]
  0x000001be115737b0 ConcurrentGCThread "G1 Main Marker"            [id=30552, stack(0x000000baf0300000,0x000000baf0400000) (1024K)]
  0x000001be115750f0 WorkerThread "G1 Conc#0"                       [id=23520, stack(0x000000baf0400000,0x000000baf0500000) (1024K)]
  0x000001be2f514e00 WorkerThread "G1 Conc#1"                       [id=28660, stack(0x000000baf2600000,0x000000baf2700000) (1024K)]
  0x000001be2f513840 WorkerThread "G1 Conc#2"                       [id=13084, stack(0x000000baf2700000,0x000000baf2800000) (1024K)]
  0x000001be28f44430 ConcurrentGCThread "G1 Refine#0"               [id=3120, stack(0x000000baf0500000,0x000000baf0600000) (1024K)]
  0x000001be28f44e40 ConcurrentGCThread "G1 Service"                [id=34496, stack(0x000000baf0600000,0x000000baf0700000) (1024K)]
Total: 18

Threads with active compile tasks:
C2 CompilerThread0  40830 20774 %     4       org.gradle.internal.instantiation.generator.AbstractClassGenerator::inspectType @ 77 (560 bytes)
C2 CompilerThread1  40830 20749   !   4       java.io.ObjectOutputStream::writeObject0 (620 bytes)
C2 CompilerThread2  40830 20920       4       org.gradle.internal.logging.text.AbstractLineChoppingStyledTextOutput$1::execute (140 bytes)
Total: 3

VM state: not at safepoint (normal execution)

VM Mutex/Monitor currently owned by a thread: None

Heap address: 0x0000000080000000, size: 2048 MB, Compressed Oops mode: 32-bit

CDS archive(s) not mapped
Compressed class space mapped at: 0x0000000100000000-0x0000000140000000, reserved size: 1073741824
Narrow klass base: 0x0000000000000000, Narrow klass shift: 3, Narrow klass range: 0x140000000

GC Precious Log:
 CardTable entry size: 512
 Card Set container configuration: InlinePtr #cards 5 size 8 Array Of Cards #cards 12 size 40 Howl #buckets 4 coarsen threshold 1843 Howl Bitmap #cards 512 size 80 coarsen threshold 460 Card regions per heap region 1 cards per card region 2048
 CPUs: 12 total, 12 available
 Memory: 16091M
 Large Page Support: Disabled
 NUMA Support: Disabled
 Compressed Oops: Enabled (32-bit)
 Heap Region Size: 1M
 Heap Min Capacity: 8M
 Heap Initial Capacity: 252M
 Heap Max Capacity: 2G
 Pre-touch: Disabled
 Parallel Workers: 10
 Concurrent Workers: 3
 Concurrent Refinement Workers: 10
 Periodic GC: Disabled

Heap:
 garbage-first heap   total 435200K, used 176250K [0x0000000080000000, 0x0000000100000000)
  region size 1024K, 30 young (30720K), 9 survivors (9216K)
 Metaspace       used 143412K, committed 145536K, reserved 1179648K
  class space    used 20414K, committed 21440K, reserved 1048576K

Heap Regions: E=young(eden), S=young(survivor), O=old, HS=humongous(starts), HC=humongous(continues), CS=collection set, F=free, TAMS=top-at-mark-start, PB=parsable bottom
|   0|0x0000000080000000, 0x0000000080100000, 0x0000000080100000|100%|HS|  |TAMS 0x0000000080000000| PB 0x0000000080000000| Complete 
|   1|0x0000000080100000, 0x0000000080200000, 0x0000000080200000|100%|HC|  |TAMS 0x0000000080100000| PB 0x0000000080100000| Complete 
|   2|0x0000000080200000, 0x0000000080300000, 0x0000000080300000|100%|HC|  |TAMS 0x0000000080200000| PB 0x0000000080200000| Complete 
|   3|0x0000000080300000, 0x0000000080400000, 0x0000000080400000|100%|HC|  |TAMS 0x0000000080300000| PB 0x0000000080300000| Complete 
|   4|0x0000000080400000, 0x0000000080500000, 0x0000000080500000|100%| O|  |TAMS 0x0000000080400000| PB 0x0000000080400000| Untracked 
|   5|0x0000000080500000, 0x0000000080600000, 0x0000000080600000|100%| O|  |TAMS 0x0000000080500000| PB 0x0000000080500000| Untracked 
|   6|0x0000000080600000, 0x0000000080700000, 0x0000000080700000|100%| O|  |TAMS 0x0000000080600000| PB 0x0000000080600000| Untracked 
|   7|0x0000000080700000, 0x0000000080800000, 0x0000000080800000|100%| O|  |TAMS 0x0000000080700000| PB 0x0000000080700000| Untracked 
|   8|0x0000000080800000, 0x0000000080900000, 0x0000000080900000|100%| O|  |TAMS 0x0000000080800000| PB 0x0000000080800000| Untracked 
|   9|0x0000000080900000, 0x0000000080a00000, 0x0000000080a00000|100%| O|  |TAMS 0x0000000080900000| PB 0x0000000080900000| Untracked 
|  10|0x0000000080a00000, 0x0000000080b00000, 0x0000000080b00000|100%| O|  |TAMS 0x0000000080a00000| PB 0x0000000080a00000| Untracked 
|  11|0x0000000080b00000, 0x0000000080c00000, 0x0000000080c00000|100%| O|  |TAMS 0x0000000080b00000| PB 0x0000000080b00000| Untracked 
|  12|0x0000000080c00000, 0x0000000080d00000, 0x0000000080d00000|100%| O|  |TAMS 0x0000000080c00000| PB 0x0000000080c00000| Untracked 
|  13|0x0000000080d00000, 0x0000000080e00000, 0x0000000080e00000|100%|HS|  |TAMS 0x0000000080d00000| PB 0x0000000080d00000| Complete 
|  14|0x0000000080e00000, 0x0000000080f00000, 0x0000000080f00000|100%|HC|  |TAMS 0x0000000080e00000| PB 0x0000000080e00000| Complete 
|  15|0x0000000080f00000, 0x0000000081000000, 0x0000000081000000|100%| O|  |TAMS 0x0000000080f00000| PB 0x0000000080f00000| Untracked 
|  16|0x0000000081000000, 0x0000000081100000, 0x0000000081100000|100%| O|  |TAMS 0x0000000081000000| PB 0x0000000081000000| Untracked 
|  17|0x0000000081100000, 0x0000000081200000, 0x0000000081200000|100%| O|  |TAMS 0x0000000081100000| PB 0x0000000081100000| Untracked 
|  18|0x0000000081200000, 0x0000000081300000, 0x0000000081300000|100%| O|  |TAMS 0x0000000081200000| PB 0x0000000081200000| Untracked 
|  19|0x0000000081300000, 0x0000000081400000, 0x0000000081400000|100%| O|  |TAMS 0x0000000081300000| PB 0x0000000081300000| Untracked 
|  20|0x0000000081400000, 0x0000000081500000, 0x0000000081500000|100%|HS|  |TAMS 0x0000000081400000| PB 0x0000000081400000| Complete 
|  21|0x0000000081500000, 0x0000000081600000, 0x0000000081600000|100%|HS|  |TAMS 0x0000000081500000| PB 0x0000000081500000| Complete 
|  22|0x0000000081600000, 0x0000000081700000, 0x0000000081700000|100%|HS|  |TAMS 0x0000000081600000| PB 0x0000000081600000| Complete 
|  23|0x0000000081700000, 0x0000000081800000, 0x0000000081800000|100%|HC|  |TAMS 0x0000000081700000| PB 0x0000000081700000| Complete 
|  24|0x0000000081800000, 0x0000000081900000, 0x0000000081900000|100%|HS|  |TAMS 0x0000000081800000| PB 0x0000000081800000| Complete 
|  25|0x0000000081900000, 0x0000000081a00000, 0x0000000081a00000|100%|HC|  |TAMS 0x0000000081900000| PB 0x0000000081900000| Complete 
|  26|0x0000000081a00000, 0x0000000081b00000, 0x0000000081b00000|100%| O|  |TAMS 0x0000000081a00000| PB 0x0000000081a00000| Untracked 
|  27|0x0000000081b00000, 0x0000000081c00000, 0x0000000081c00000|100%| O|  |TAMS 0x0000000081b00000| PB 0x0000000081b00000| Untracked 
|  28|0x0000000081c00000, 0x0000000081d00000, 0x0000000081d00000|100%| O|  |TAMS 0x0000000081c00000| PB 0x0000000081c00000| Untracked 
|  29|0x0000000081d00000, 0x0000000081e00000, 0x0000000081e00000|100%| O|  |TAMS 0x0000000081d00000| PB 0x0000000081d00000| Untracked 
|  30|0x0000000081e00000, 0x0000000081f00000, 0x0000000081f00000|100%| O|  |TAMS 0x0000000081e00000| PB 0x0000000081e00000| Untracked 
|  31|0x0000000081f00000, 0x0000000082000000, 0x0000000082000000|100%| O|  |TAMS 0x0000000081f00000| PB 0x0000000081f00000| Untracked 
|  32|0x0000000082000000, 0x0000000082100000, 0x0000000082100000|100%|HS|  |TAMS 0x0000000082000000| PB 0x0000000082000000| Complete 
|  33|0x0000000082100000, 0x0000000082200000, 0x0000000082200000|100%| O|  |TAMS 0x0000000082100000| PB 0x0000000082100000| Untracked 
|  34|0x0000000082200000, 0x0000000082300000, 0x0000000082300000|100%| O|  |TAMS 0x0000000082200000| PB 0x0000000082200000| Untracked 
|  35|0x0000000082300000, 0x0000000082400000, 0x0000000082400000|100%| O|  |TAMS 0x0000000082300000| PB 0x0000000082300000| Untracked 
|  36|0x0000000082400000, 0x0000000082500000, 0x0000000082500000|100%| O|  |TAMS 0x0000000082400000| PB 0x0000000082400000| Untracked 
|  37|0x0000000082500000, 0x0000000082600000, 0x0000000082600000|100%|HS|  |TAMS 0x0000000082500000| PB 0x0000000082500000| Complete 
|  38|0x0000000082600000, 0x0000000082700000, 0x0000000082700000|100%|HC|  |TAMS 0x0000000082600000| PB 0x0000000082600000| Complete 
|  39|0x0000000082700000, 0x0000000082800000, 0x0000000082800000|100%|HC|  |TAMS 0x0000000082700000| PB 0x0000000082700000| Complete 
|  40|0x0000000082800000, 0x0000000082900000, 0x0000000082900000|100%|HC|  |TAMS 0x0000000082800000| PB 0x0000000082800000| Complete 
|  41|0x0000000082900000, 0x0000000082a00000, 0x0000000082a00000|100%| O|  |TAMS 0x0000000082900000| PB 0x0000000082900000| Untracked 
|  42|0x0000000082a00000, 0x0000000082b00000, 0x0000000082b00000|100%|HS|  |TAMS 0x0000000082a00000| PB 0x0000000082a00000| Complete 
|  43|0x0000000082b00000, 0x0000000082c00000, 0x0000000082c00000|100%|HS|  |TAMS 0x0000000082b00000| PB 0x0000000082b00000| Complete 
|  44|0x0000000082c00000, 0x0000000082d00000, 0x0000000082d00000|100%| O|  |TAMS 0x0000000082c00000| PB 0x0000000082c00000| Untracked 
|  45|0x0000000082d00000, 0x0000000082e00000, 0x0000000082e00000|100%| O|  |TAMS 0x0000000082d00000| PB 0x0000000082d00000| Untracked 
|  46|0x0000000082e00000, 0x0000000082f00000, 0x0000000082f00000|100%| O|  |TAMS 0x0000000082e00000| PB 0x0000000082e00000| Untracked 
|  47|0x0000000082f00000, 0x0000000083000000, 0x0000000083000000|100%| O|  |TAMS 0x0000000082f00000| PB 0x0000000082f00000| Untracked 
|  48|0x0000000083000000, 0x0000000083100000, 0x0000000083100000|100%| O|  |TAMS 0x0000000083000000| PB 0x0000000083000000| Untracked 
|  49|0x0000000083100000, 0x0000000083200000, 0x0000000083200000|100%| O|  |TAMS 0x0000000083100000| PB 0x0000000083100000| Untracked 
|  50|0x0000000083200000, 0x0000000083300000, 0x0000000083300000|100%| O|  |TAMS 0x0000000083200000| PB 0x0000000083200000| Untracked 
|  51|0x0000000083300000, 0x0000000083400000, 0x0000000083400000|100%| O|  |TAMS 0x0000000083300000| PB 0x0000000083300000| Untracked 
|  52|0x0000000083400000, 0x0000000083500000, 0x0000000083500000|100%| O|  |TAMS 0x0000000083400000| PB 0x0000000083400000| Untracked 
|  53|0x0000000083500000, 0x0000000083600000, 0x0000000083600000|100%| O|  |TAMS 0x0000000083500000| PB 0x0000000083500000| Untracked 
|  54|0x0000000083600000, 0x0000000083700000, 0x0000000083700000|100%| O|  |TAMS 0x0000000083600000| PB 0x0000000083600000| Untracked 
|  55|0x0000000083700000, 0x0000000083800000, 0x0000000083800000|100%| O|  |TAMS 0x0000000083700000| PB 0x0000000083700000| Untracked 
|  56|0x0000000083800000, 0x0000000083900000, 0x0000000083900000|100%| O|  |TAMS 0x0000000083800000| PB 0x0000000083800000| Untracked 
|  57|0x0000000083900000, 0x0000000083a00000, 0x0000000083a00000|100%| O|  |TAMS 0x0000000083900000| PB 0x0000000083900000| Untracked 
|  58|0x0000000083a00000, 0x0000000083b00000, 0x0000000083b00000|100%|HS|  |TAMS 0x0000000083a00000| PB 0x0000000083a00000| Complete 
|  59|0x0000000083b00000, 0x0000000083c00000, 0x0000000083c00000|100%|HC|  |TAMS 0x0000000083b00000| PB 0x0000000083b00000| Complete 
|  60|0x0000000083c00000, 0x0000000083d00000, 0x0000000083d00000|100%|HC|  |TAMS 0x0000000083c00000| PB 0x0000000083c00000| Complete 
|  61|0x0000000083d00000, 0x0000000083e00000, 0x0000000083e00000|100%|HC|  |TAMS 0x0000000083d00000| PB 0x0000000083d00000| Complete 
|  62|0x0000000083e00000, 0x0000000083f00000, 0x0000000083f00000|100%| O|  |TAMS 0x0000000083e00000| PB 0x0000000083e00000| Untracked 
|  63|0x0000000083f00000, 0x0000000084000000, 0x0000000084000000|100%| O|  |TAMS 0x0000000083f00000| PB 0x0000000083f00000| Untracked 
|  64|0x0000000084000000, 0x0000000084100000, 0x0000000084100000|100%| O|  |TAMS 0x0000000084000000| PB 0x0000000084000000| Untracked 
|  65|0x0000000084100000, 0x0000000084100000, 0x0000000084200000|  0%| F|  |TAMS 0x0000000084100000| PB 0x0000000084100000| Untracked 
|  66|0x0000000084200000, 0x0000000084300000, 0x0000000084300000|100%| O|  |TAMS 0x0000000084200000| PB 0x0000000084200000| Untracked 
|  67|0x0000000084300000, 0x0000000084400000, 0x0000000084400000|100%| O|  |TAMS 0x0000000084300000| PB 0x0000000084300000| Untracked 
|  68|0x0000000084400000, 0x0000000084500000, 0x0000000084500000|100%| O|  |TAMS 0x0000000084400000| PB 0x0000000084400000| Untracked 
|  69|0x0000000084500000, 0x0000000084600000, 0x0000000084600000|100%| O|  |TAMS 0x0000000084500000| PB 0x0000000084500000| Untracked 
|  70|0x0000000084600000, 0x0000000084700000, 0x0000000084700000|100%| O|  |TAMS 0x0000000084600000| PB 0x0000000084600000| Untracked 
|  71|0x0000000084700000, 0x0000000084800000, 0x0000000084800000|100%| O|  |TAMS 0x0000000084700000| PB 0x0000000084700000| Untracked 
|  72|0x0000000084800000, 0x0000000084900000, 0x0000000084900000|100%| O|  |TAMS 0x0000000084800000| PB 0x0000000084800000| Untracked 
|  73|0x0000000084900000, 0x0000000084a00000, 0x0000000084a00000|100%| O|  |TAMS 0x0000000084900000| PB 0x0000000084900000| Untracked 
|  74|0x0000000084a00000, 0x0000000084b00000, 0x0000000084b00000|100%| O|  |TAMS 0x0000000084a00000| PB 0x0000000084a00000| Untracked 
|  75|0x0000000084b00000, 0x0000000084c00000, 0x0000000084c00000|100%| O|  |TAMS 0x0000000084b00000| PB 0x0000000084b00000| Untracked 
|  76|0x0000000084c00000, 0x0000000084d00000, 0x0000000084d00000|100%| O|  |TAMS 0x0000000084c00000| PB 0x0000000084c00000| Untracked 
|  77|0x0000000084d00000, 0x0000000084e00000, 0x0000000084e00000|100%| O|  |TAMS 0x0000000084d00000| PB 0x0000000084d00000| Untracked 
|  78|0x0000000084e00000, 0x0000000084f00000, 0x0000000084f00000|100%| O|  |TAMS 0x0000000084e00000| PB 0x0000000084e00000| Untracked 
|  79|0x0000000084f00000, 0x0000000085000000, 0x0000000085000000|100%| O|  |TAMS 0x0000000084f00000| PB 0x0000000084f00000| Untracked 
|  80|0x0000000085000000, 0x0000000085100000, 0x0000000085100000|100%| O|  |TAMS 0x0000000085000000| PB 0x0000000085000000| Untracked 
|  81|0x0000000085100000, 0x0000000085200000, 0x0000000085200000|100%| O|  |TAMS 0x0000000085100000| PB 0x0000000085100000| Untracked 
|  82|0x0000000085200000, 0x0000000085300000, 0x0000000085300000|100%| O|  |TAMS 0x0000000085200000| PB 0x0000000085200000| Untracked 
|  83|0x0000000085300000, 0x0000000085400000, 0x0000000085400000|100%| O|  |TAMS 0x0000000085300000| PB 0x0000000085300000| Untracked 
|  84|0x0000000085400000, 0x0000000085500000, 0x0000000085500000|100%| O|  |TAMS 0x0000000085400000| PB 0x0000000085400000| Untracked 
|  85|0x0000000085500000, 0x0000000085600000, 0x0000000085600000|100%| O|  |TAMS 0x0000000085500000| PB 0x0000000085500000| Untracked 
|  86|0x0000000085600000, 0x0000000085700000, 0x0000000085700000|100%| O|  |TAMS 0x0000000085600000| PB 0x0000000085600000| Untracked 
|  87|0x0000000085700000, 0x0000000085800000, 0x0000000085800000|100%| O|  |TAMS 0x0000000085700000| PB 0x0000000085700000| Untracked 
|  88|0x0000000085800000, 0x0000000085900000, 0x0000000085900000|100%| O|  |TAMS 0x0000000085800000| PB 0x0000000085800000| Untracked 
|  89|0x0000000085900000, 0x0000000085a00000, 0x0000000085a00000|100%| O|  |TAMS 0x0000000085900000| PB 0x0000000085900000| Untracked 
|  90|0x0000000085a00000, 0x0000000085b00000, 0x0000000085b00000|100%| O|  |TAMS 0x0000000085a00000| PB 0x0000000085a00000| Untracked 
|  91|0x0000000085b00000, 0x0000000085c00000, 0x0000000085c00000|100%| O|  |TAMS 0x0000000085b00000| PB 0x0000000085b00000| Untracked 
|  92|0x0000000085c00000, 0x0000000085d00000, 0x0000000085d00000|100%| O|  |TAMS 0x0000000085c00000| PB 0x0000000085c00000| Untracked 
|  93|0x0000000085d00000, 0x0000000085e00000, 0x0000000085e00000|100%| O|  |TAMS 0x0000000085d00000| PB 0x0000000085d00000| Untracked 
|  94|0x0000000085e00000, 0x0000000085f00000, 0x0000000085f00000|100%| O|  |TAMS 0x0000000085e00000| PB 0x0000000085e00000| Untracked 
|  95|0x0000000085f00000, 0x0000000086000000, 0x0000000086000000|100%| O|  |TAMS 0x0000000085f00000| PB 0x0000000085f00000| Untracked 
|  96|0x0000000086000000, 0x0000000086100000, 0x0000000086100000|100%| O|  |TAMS 0x0000000086000000| PB 0x0000000086000000| Untracked 
|  97|0x0000000086100000, 0x0000000086200000, 0x0000000086200000|100%| O|  |TAMS 0x0000000086100000| PB 0x0000000086100000| Untracked 
|  98|0x0000000086200000, 0x0000000086300000, 0x0000000086300000|100%| O|  |TAMS 0x0000000086200000| PB 0x0000000086200000| Untracked 
|  99|0x0000000086300000, 0x0000000086400000, 0x0000000086400000|100%| O|  |TAMS 0x0000000086300000| PB 0x0000000086300000| Untracked 
| 100|0x0000000086400000, 0x0000000086400000, 0x0000000086500000|  0%| F|  |TAMS 0x0000000086400000| PB 0x0000000086400000| Untracked 
| 101|0x0000000086500000, 0x0000000086600000, 0x0000000086600000|100%| O|  |TAMS 0x0000000086500000| PB 0x0000000086500000| Untracked 
| 102|0x0000000086600000, 0x0000000086700000, 0x0000000086700000|100%| O|  |TAMS 0x0000000086600000| PB 0x0000000086600000| Untracked 
| 103|0x0000000086700000, 0x0000000086800000, 0x0000000086800000|100%| O|  |TAMS 0x0000000086700000| PB 0x0000000086700000| Untracked 
| 104|0x0000000086800000, 0x0000000086900000, 0x0000000086900000|100%| O|  |TAMS 0x0000000086800000| PB 0x0000000086800000| Untracked 
| 105|0x0000000086900000, 0x0000000086a00000, 0x0000000086a00000|100%| O|  |TAMS 0x0000000086900000| PB 0x0000000086900000| Untracked 
| 106|0x0000000086a00000, 0x0000000086b00000, 0x0000000086b00000|100%| O|  |TAMS 0x0000000086a00000| PB 0x0000000086a00000| Untracked 
| 107|0x0000000086b00000, 0x0000000086b00000, 0x0000000086c00000|  0%| F|  |TAMS 0x0000000086b00000| PB 0x0000000086b00000| Untracked 
| 108|0x0000000086c00000, 0x0000000086d00000, 0x0000000086d00000|100%| O|  |TAMS 0x0000000086c00000| PB 0x0000000086c00000| Untracked 
| 109|0x0000000086d00000, 0x0000000086e00000, 0x0000000086e00000|100%| O|  |TAMS 0x0000000086d00000| PB 0x0000000086d00000| Untracked 
| 110|0x0000000086e00000, 0x0000000086f00000, 0x0000000086f00000|100%| O|  |TAMS 0x0000000086e00000| PB 0x0000000086e00000| Untracked 
| 111|0x0000000086f00000, 0x0000000087000000, 0x0000000087000000|100%| O|  |TAMS 0x0000000086f00000| PB 0x0000000086f00000| Untracked 
| 112|0x0000000087000000, 0x0000000087100000, 0x0000000087100000|100%| O|  |TAMS 0x0000000087000000| PB 0x0000000087000000| Untracked 
| 113|0x0000000087100000, 0x0000000087200000, 0x0000000087200000|100%| O|  |TAMS 0x0000000087100000| PB 0x0000000087100000| Untracked 
| 114|0x0000000087200000, 0x0000000087300000, 0x0000000087300000|100%| O|  |TAMS 0x0000000087200000| PB 0x0000000087200000| Untracked 
| 115|0x0000000087300000, 0x0000000087400000, 0x0000000087400000|100%| O|  |TAMS 0x0000000087300000| PB 0x0000000087300000| Untracked 
| 116|0x0000000087400000, 0x0000000087500000, 0x0000000087500000|100%| O|  |TAMS 0x0000000087400000| PB 0x0000000087400000| Untracked 
| 117|0x0000000087500000, 0x0000000087600000, 0x0000000087600000|100%| O|  |TAMS 0x0000000087500000| PB 0x0000000087500000| Untracked 
| 118|0x0000000087600000, 0x0000000087700000, 0x0000000087700000|100%| O|  |TAMS 0x0000000087600000| PB 0x0000000087600000| Untracked 
| 119|0x0000000087700000, 0x0000000087800000, 0x0000000087800000|100%| O|  |TAMS 0x0000000087700000| PB 0x0000000087700000| Untracked 
| 120|0x0000000087800000, 0x0000000087900000, 0x0000000087900000|100%| O|  |TAMS 0x0000000087800000| PB 0x0000000087800000| Untracked 
| 121|0x0000000087900000, 0x0000000087a00000, 0x0000000087a00000|100%| O|  |TAMS 0x0000000087900000| PB 0x0000000087900000| Untracked 
| 122|0x0000000087a00000, 0x0000000087b00000, 0x0000000087b00000|100%| O|  |TAMS 0x0000000087a00000| PB 0x0000000087a00000| Untracked 
| 123|0x0000000087b00000, 0x0000000087b00000, 0x0000000087c00000|  0%| F|  |TAMS 0x0000000087b00000| PB 0x0000000087b00000| Untracked 
| 124|0x0000000087c00000, 0x0000000087c00000, 0x0000000087d00000|  0%| F|  |TAMS 0x0000000087c00000| PB 0x0000000087c00000| Untracked 
| 125|0x0000000087d00000, 0x0000000087e00000, 0x0000000087e00000|100%| O|  |TAMS 0x0000000087d00000| PB 0x0000000087d00000| Untracked 
| 126|0x0000000087e00000, 0x0000000087f00000, 0x0000000087f00000|100%| O|  |TAMS 0x0000000087e00000| PB 0x0000000087e00000| Untracked 
| 127|0x0000000087f00000, 0x0000000088000000, 0x0000000088000000|100%| O|  |TAMS 0x0000000087f00000| PB 0x0000000087f00000| Untracked 
| 128|0x0000000088000000, 0x0000000088100000, 0x0000000088100000|100%| O|  |TAMS 0x0000000088000000| PB 0x0000000088000000| Untracked 
| 129|0x0000000088100000, 0x0000000088100000, 0x0000000088200000|  0%| F|  |TAMS 0x0000000088100000| PB 0x0000000088100000| Untracked 
| 130|0x0000000088200000, 0x0000000088200000, 0x0000000088300000|  0%| F|  |TAMS 0x0000000088200000| PB 0x0000000088200000| Untracked 
| 131|0x0000000088300000, 0x0000000088300000, 0x0000000088400000|  0%| F|  |TAMS 0x0000000088300000| PB 0x0000000088300000| Untracked 
| 132|0x0000000088400000, 0x0000000088400000, 0x0000000088500000|  0%| F|  |TAMS 0x0000000088400000| PB 0x0000000088400000| Untracked 
| 133|0x0000000088500000, 0x0000000088600000, 0x0000000088600000|100%| O|  |TAMS 0x0000000088500000| PB 0x0000000088500000| Untracked 
| 134|0x0000000088600000, 0x0000000088700000, 0x0000000088700000|100%| O|  |TAMS 0x0000000088600000| PB 0x0000000088600000| Untracked 
| 135|0x0000000088700000, 0x0000000088700000, 0x0000000088800000|  0%| F|  |TAMS 0x0000000088700000| PB 0x0000000088700000| Untracked 
| 136|0x0000000088800000, 0x0000000088800000, 0x0000000088900000|  0%| F|  |TAMS 0x0000000088800000| PB 0x0000000088800000| Untracked 
| 137|0x0000000088900000, 0x0000000088900000, 0x0000000088a00000|  0%| F|  |TAMS 0x0000000088900000| PB 0x0000000088900000| Untracked 
| 138|0x0000000088a00000, 0x0000000088a00000, 0x0000000088b00000|  0%| F|  |TAMS 0x0000000088a00000| PB 0x0000000088a00000| Untracked 
| 139|0x0000000088b00000, 0x0000000088b00000, 0x0000000088c00000|  0%| F|  |TAMS 0x0000000088b00000| PB 0x0000000088b00000| Untracked 
| 140|0x0000000088c00000, 0x0000000088c00000, 0x0000000088d00000|  0%| F|  |TAMS 0x0000000088c00000| PB 0x0000000088c00000| Untracked 
| 141|0x0000000088d00000, 0x0000000088d00000, 0x0000000088e00000|  0%| F|  |TAMS 0x0000000088d00000| PB 0x0000000088d00000| Untracked 
| 142|0x0000000088e00000, 0x0000000088e00000, 0x0000000088f00000|  0%| F|  |TAMS 0x0000000088e00000| PB 0x0000000088e00000| Untracked 
| 143|0x0000000088f00000, 0x0000000088f00000, 0x0000000089000000|  0%| F|  |TAMS 0x0000000088f00000| PB 0x0000000088f00000| Untracked 
| 144|0x0000000089000000, 0x0000000089000000, 0x0000000089100000|  0%| F|  |TAMS 0x0000000089000000| PB 0x0000000089000000| Untracked 
| 145|0x0000000089100000, 0x0000000089100000, 0x0000000089200000|  0%| F|  |TAMS 0x0000000089100000| PB 0x0000000089100000| Untracked 
| 146|0x0000000089200000, 0x0000000089200000, 0x0000000089300000|  0%| F|  |TAMS 0x0000000089200000| PB 0x0000000089200000| Untracked 
| 147|0x0000000089300000, 0x0000000089300000, 0x0000000089400000|  0%| F|  |TAMS 0x0000000089300000| PB 0x0000000089300000| Untracked 
| 148|0x0000000089400000, 0x0000000089400000, 0x0000000089500000|  0%| F|  |TAMS 0x0000000089400000| PB 0x0000000089400000| Untracked 
| 149|0x0000000089500000, 0x0000000089500000, 0x0000000089600000|  0%| F|  |TAMS 0x0000000089500000| PB 0x0000000089500000| Untracked 
| 150|0x0000000089600000, 0x0000000089600000, 0x0000000089700000|  0%| F|  |TAMS 0x0000000089600000| PB 0x0000000089600000| Untracked 
| 151|0x0000000089700000, 0x0000000089700000, 0x0000000089800000|  0%| F|  |TAMS 0x0000000089700000| PB 0x0000000089700000| Untracked 
| 152|0x0000000089800000, 0x0000000089800000, 0x0000000089900000|  0%| F|  |TAMS 0x0000000089800000| PB 0x0000000089800000| Untracked 
| 153|0x0000000089900000, 0x0000000089900000, 0x0000000089a00000|  0%| F|  |TAMS 0x0000000089900000| PB 0x0000000089900000| Untracked 
| 154|0x0000000089a00000, 0x0000000089a00000, 0x0000000089b00000|  0%| F|  |TAMS 0x0000000089a00000| PB 0x0000000089a00000| Untracked 
| 155|0x0000000089b00000, 0x0000000089b00000, 0x0000000089c00000|  0%| F|  |TAMS 0x0000000089b00000| PB 0x0000000089b00000| Untracked 
| 156|0x0000000089c00000, 0x0000000089c00000, 0x0000000089d00000|  0%| F|  |TAMS 0x0000000089c00000| PB 0x0000000089c00000| Untracked 
| 157|0x0000000089d00000, 0x0000000089d00000, 0x0000000089e00000|  0%| F|  |TAMS 0x0000000089d00000| PB 0x0000000089d00000| Untracked 
| 158|0x0000000089e00000, 0x0000000089e00000, 0x0000000089f00000|  0%| F|  |TAMS 0x0000000089e00000| PB 0x0000000089e00000| Untracked 
| 159|0x0000000089f00000, 0x0000000089f00000, 0x000000008a000000|  0%| F|  |TAMS 0x0000000089f00000| PB 0x0000000089f00000| Untracked 
| 160|0x000000008a000000, 0x000000008a000000, 0x000000008a100000|  0%| F|  |TAMS 0x000000008a000000| PB 0x000000008a000000| Untracked 
| 161|0x000000008a100000, 0x000000008a100000, 0x000000008a200000|  0%| F|  |TAMS 0x000000008a100000| PB 0x000000008a100000| Untracked 
| 162|0x000000008a200000, 0x000000008a200000, 0x000000008a300000|  0%| F|  |TAMS 0x000000008a200000| PB 0x000000008a200000| Untracked 
| 163|0x000000008a300000, 0x000000008a300000, 0x000000008a400000|  0%| F|  |TAMS 0x000000008a300000| PB 0x000000008a300000| Untracked 
| 164|0x000000008a400000, 0x000000008a400000, 0x000000008a500000|  0%| F|  |TAMS 0x000000008a400000| PB 0x000000008a400000| Untracked 
| 165|0x000000008a500000, 0x000000008a500000, 0x000000008a600000|  0%| F|  |TAMS 0x000000008a500000| PB 0x000000008a500000| Untracked 
| 166|0x000000008a600000, 0x000000008a600000, 0x000000008a700000|  0%| F|  |TAMS 0x000000008a600000| PB 0x000000008a600000| Untracked 
| 167|0x000000008a700000, 0x000000008a700000, 0x000000008a800000|  0%| F|  |TAMS 0x000000008a700000| PB 0x000000008a700000| Untracked 
| 168|0x000000008a800000, 0x000000008a800000, 0x000000008a900000|  0%| F|  |TAMS 0x000000008a800000| PB 0x000000008a800000| Untracked 
| 169|0x000000008a900000, 0x000000008a900000, 0x000000008aa00000|  0%| F|  |TAMS 0x000000008a900000| PB 0x000000008a900000| Untracked 
| 170|0x000000008aa00000, 0x000000008aa00000, 0x000000008ab00000|  0%| F|  |TAMS 0x000000008aa00000| PB 0x000000008aa00000| Untracked 
| 171|0x000000008ab00000, 0x000000008ab00000, 0x000000008ac00000|  0%| F|  |TAMS 0x000000008ab00000| PB 0x000000008ab00000| Untracked 
| 172|0x000000008ac00000, 0x000000008ac00000, 0x000000008ad00000|  0%| F|  |TAMS 0x000000008ac00000| PB 0x000000008ac00000| Untracked 
| 173|0x000000008ad00000, 0x000000008ad00000, 0x000000008ae00000|  0%| F|  |TAMS 0x000000008ad00000| PB 0x000000008ad00000| Untracked 
| 174|0x000000008ae00000, 0x000000008ae00000, 0x000000008af00000|  0%| F|  |TAMS 0x000000008ae00000| PB 0x000000008ae00000| Untracked 
| 175|0x000000008af00000, 0x000000008af00000, 0x000000008b000000|  0%| F|  |TAMS 0x000000008af00000| PB 0x000000008af00000| Untracked 
| 176|0x000000008b000000, 0x000000008b000000, 0x000000008b100000|  0%| F|  |TAMS 0x000000008b000000| PB 0x000000008b000000| Untracked 
| 177|0x000000008b100000, 0x000000008b100000, 0x000000008b200000|  0%| F|  |TAMS 0x000000008b100000| PB 0x000000008b100000| Untracked 
| 178|0x000000008b200000, 0x000000008b200000, 0x000000008b300000|  0%| F|  |TAMS 0x000000008b200000| PB 0x000000008b200000| Untracked 
| 179|0x000000008b300000, 0x000000008b300000, 0x000000008b400000|  0%| F|  |TAMS 0x000000008b300000| PB 0x000000008b300000| Untracked 
| 180|0x000000008b400000, 0x000000008b400000, 0x000000008b500000|  0%| F|  |TAMS 0x000000008b400000| PB 0x000000008b400000| Untracked 
| 181|0x000000008b500000, 0x000000008b500000, 0x000000008b600000|  0%| F|  |TAMS 0x000000008b500000| PB 0x000000008b500000| Untracked 
| 182|0x000000008b600000, 0x000000008b600000, 0x000000008b700000|  0%| F|  |TAMS 0x000000008b600000| PB 0x000000008b600000| Untracked 
| 183|0x000000008b700000, 0x000000008b700000, 0x000000008b800000|  0%| F|  |TAMS 0x000000008b700000| PB 0x000000008b700000| Untracked 
| 184|0x000000008b800000, 0x000000008b800000, 0x000000008b900000|  0%| F|  |TAMS 0x000000008b800000| PB 0x000000008b800000| Untracked 
| 185|0x000000008b900000, 0x000000008b900000, 0x000000008ba00000|  0%| F|  |TAMS 0x000000008b900000| PB 0x000000008b900000| Untracked 
| 186|0x000000008ba00000, 0x000000008ba00000, 0x000000008bb00000|  0%| F|  |TAMS 0x000000008ba00000| PB 0x000000008ba00000| Untracked 
| 187|0x000000008bb00000, 0x000000008bb00000, 0x000000008bc00000|  0%| F|  |TAMS 0x000000008bb00000| PB 0x000000008bb00000| Untracked 
| 188|0x000000008bc00000, 0x000000008bc00000, 0x000000008bd00000|  0%| F|  |TAMS 0x000000008bc00000| PB 0x000000008bc00000| Untracked 
| 189|0x000000008bd00000, 0x000000008bd00000, 0x000000008be00000|  0%| F|  |TAMS 0x000000008bd00000| PB 0x000000008bd00000| Untracked 
| 190|0x000000008be00000, 0x000000008be00000, 0x000000008bf00000|  0%| F|  |TAMS 0x000000008be00000| PB 0x000000008be00000| Untracked 
| 191|0x000000008bf00000, 0x000000008bf00000, 0x000000008c000000|  0%| F|  |TAMS 0x000000008bf00000| PB 0x000000008bf00000| Untracked 
| 192|0x000000008c000000, 0x000000008c000000, 0x000000008c100000|  0%| F|  |TAMS 0x000000008c000000| PB 0x000000008c000000| Untracked 
| 193|0x000000008c100000, 0x000000008c100000, 0x000000008c200000|  0%| F|  |TAMS 0x000000008c100000| PB 0x000000008c100000| Untracked 
| 194|0x000000008c200000, 0x000000008c200000, 0x000000008c300000|  0%| F|  |TAMS 0x000000008c200000| PB 0x000000008c200000| Untracked 
| 195|0x000000008c300000, 0x000000008c300000, 0x000000008c400000|  0%| F|  |TAMS 0x000000008c300000| PB 0x000000008c300000| Untracked 
| 196|0x000000008c400000, 0x000000008c400000, 0x000000008c500000|  0%| F|  |TAMS 0x000000008c400000| PB 0x000000008c400000| Untracked 
| 197|0x000000008c500000, 0x000000008c500000, 0x000000008c600000|  0%| F|  |TAMS 0x000000008c500000| PB 0x000000008c500000| Untracked 
| 198|0x000000008c600000, 0x000000008c600000, 0x000000008c700000|  0%| F|  |TAMS 0x000000008c600000| PB 0x000000008c600000| Untracked 
| 199|0x000000008c700000, 0x000000008c700000, 0x000000008c800000|  0%| F|  |TAMS 0x000000008c700000| PB 0x000000008c700000| Untracked 
| 200|0x000000008c800000, 0x000000008c800000, 0x000000008c900000|  0%| F|  |TAMS 0x000000008c800000| PB 0x000000008c800000| Untracked 
| 201|0x000000008c900000, 0x000000008c900000, 0x000000008ca00000|  0%| F|  |TAMS 0x000000008c900000| PB 0x000000008c900000| Untracked 
| 202|0x000000008ca00000, 0x000000008ca00000, 0x000000008cb00000|  0%| F|  |TAMS 0x000000008ca00000| PB 0x000000008ca00000| Untracked 
| 203|0x000000008cb00000, 0x000000008cb00000, 0x000000008cc00000|  0%| F|  |TAMS 0x000000008cb00000| PB 0x000000008cb00000| Untracked 
| 204|0x000000008cc00000, 0x000000008cc00000, 0x000000008cd00000|  0%| F|  |TAMS 0x000000008cc00000| PB 0x000000008cc00000| Untracked 
| 205|0x000000008cd00000, 0x000000008cd00000, 0x000000008ce00000|  0%| F|  |TAMS 0x000000008cd00000| PB 0x000000008cd00000| Untracked 
| 206|0x000000008ce00000, 0x000000008ce00000, 0x000000008cf00000|  0%| F|  |TAMS 0x000000008ce00000| PB 0x000000008ce00000| Untracked 
| 207|0x000000008cf00000, 0x000000008cf00000, 0x000000008d000000|  0%| F|  |TAMS 0x000000008cf00000| PB 0x000000008cf00000| Untracked 
| 208|0x000000008d000000, 0x000000008d000000, 0x000000008d100000|  0%| F|  |TAMS 0x000000008d000000| PB 0x000000008d000000| Untracked 
| 209|0x000000008d100000, 0x000000008d100000, 0x000000008d200000|  0%| F|  |TAMS 0x000000008d100000| PB 0x000000008d100000| Untracked 
| 210|0x000000008d200000, 0x000000008d200000, 0x000000008d300000|  0%| F|  |TAMS 0x000000008d200000| PB 0x000000008d200000| Untracked 
| 211|0x000000008d300000, 0x000000008d300000, 0x000000008d400000|  0%| F|  |TAMS 0x000000008d300000| PB 0x000000008d300000| Untracked 
| 212|0x000000008d400000, 0x000000008d400000, 0x000000008d500000|  0%| F|  |TAMS 0x000000008d400000| PB 0x000000008d400000| Untracked 
| 213|0x000000008d500000, 0x000000008d500000, 0x000000008d600000|  0%| F|  |TAMS 0x000000008d500000| PB 0x000000008d500000| Untracked 
| 214|0x000000008d600000, 0x000000008d600000, 0x000000008d700000|  0%| F|  |TAMS 0x000000008d600000| PB 0x000000008d600000| Untracked 
| 215|0x000000008d700000, 0x000000008d700000, 0x000000008d800000|  0%| F|  |TAMS 0x000000008d700000| PB 0x000000008d700000| Untracked 
| 216|0x000000008d800000, 0x000000008d800000, 0x000000008d900000|  0%| F|  |TAMS 0x000000008d800000| PB 0x000000008d800000| Untracked 
| 217|0x000000008d900000, 0x000000008d900000, 0x000000008da00000|  0%| F|  |TAMS 0x000000008d900000| PB 0x000000008d900000| Untracked 
| 218|0x000000008da00000, 0x000000008da00000, 0x000000008db00000|  0%| F|  |TAMS 0x000000008da00000| PB 0x000000008da00000| Untracked 
| 219|0x000000008db00000, 0x000000008db00000, 0x000000008dc00000|  0%| F|  |TAMS 0x000000008db00000| PB 0x000000008db00000| Untracked 
| 220|0x000000008dc00000, 0x000000008dc00000, 0x000000008dd00000|  0%| F|  |TAMS 0x000000008dc00000| PB 0x000000008dc00000| Untracked 
| 221|0x000000008dd00000, 0x000000008dd00000, 0x000000008de00000|  0%| F|  |TAMS 0x000000008dd00000| PB 0x000000008dd00000| Untracked 
| 222|0x000000008de00000, 0x000000008de00000, 0x000000008df00000|  0%| F|  |TAMS 0x000000008de00000| PB 0x000000008de00000| Untracked 
| 223|0x000000008df00000, 0x000000008df00000, 0x000000008e000000|  0%| F|  |TAMS 0x000000008df00000| PB 0x000000008df00000| Untracked 
| 224|0x000000008e000000, 0x000000008e000000, 0x000000008e100000|  0%| F|  |TAMS 0x000000008e000000| PB 0x000000008e000000| Untracked 
| 225|0x000000008e100000, 0x000000008e100000, 0x000000008e200000|  0%| F|  |TAMS 0x000000008e100000| PB 0x000000008e100000| Untracked 
| 226|0x000000008e200000, 0x000000008e200000, 0x000000008e300000|  0%| F|  |TAMS 0x000000008e200000| PB 0x000000008e200000| Untracked 
| 227|0x000000008e300000, 0x000000008e300000, 0x000000008e400000|  0%| F|  |TAMS 0x000000008e300000| PB 0x000000008e300000| Untracked 
| 228|0x000000008e400000, 0x000000008e400000, 0x000000008e500000|  0%| F|  |TAMS 0x000000008e400000| PB 0x000000008e400000| Untracked 
| 229|0x000000008e500000, 0x000000008e500000, 0x000000008e600000|  0%| F|  |TAMS 0x000000008e500000| PB 0x000000008e500000| Untracked 
| 230|0x000000008e600000, 0x000000008e600000, 0x000000008e700000|  0%| F|  |TAMS 0x000000008e600000| PB 0x000000008e600000| Untracked 
| 231|0x000000008e700000, 0x000000008e700000, 0x000000008e800000|  0%| F|  |TAMS 0x000000008e700000| PB 0x000000008e700000| Untracked 
| 232|0x000000008e800000, 0x000000008e800000, 0x000000008e900000|  0%| F|  |TAMS 0x000000008e800000| PB 0x000000008e800000| Untracked 
| 233|0x000000008e900000, 0x000000008e900000, 0x000000008ea00000|  0%| F|  |TAMS 0x000000008e900000| PB 0x000000008e900000| Untracked 
| 234|0x000000008ea00000, 0x000000008ea00000, 0x000000008eb00000|  0%| F|  |TAMS 0x000000008ea00000| PB 0x000000008ea00000| Untracked 
| 235|0x000000008eb00000, 0x000000008eb00000, 0x000000008ec00000|  0%| F|  |TAMS 0x000000008eb00000| PB 0x000000008eb00000| Untracked 
| 236|0x000000008ec00000, 0x000000008ec00000, 0x000000008ed00000|  0%| F|  |TAMS 0x000000008ec00000| PB 0x000000008ec00000| Untracked 
| 237|0x000000008ed00000, 0x000000008ed00000, 0x000000008ee00000|  0%| F|  |TAMS 0x000000008ed00000| PB 0x000000008ed00000| Untracked 
| 238|0x000000008ee00000, 0x000000008ee00000, 0x000000008ef00000|  0%| F|  |TAMS 0x000000008ee00000| PB 0x000000008ee00000| Untracked 
| 239|0x000000008ef00000, 0x000000008ef00000, 0x000000008f000000|  0%| F|  |TAMS 0x000000008ef00000| PB 0x000000008ef00000| Untracked 
| 240|0x000000008f000000, 0x000000008f000000, 0x000000008f100000|  0%| F|  |TAMS 0x000000008f000000| PB 0x000000008f000000| Untracked 
| 241|0x000000008f100000, 0x000000008f100000, 0x000000008f200000|  0%| F|  |TAMS 0x000000008f100000| PB 0x000000008f100000| Untracked 
| 242|0x000000008f200000, 0x000000008f200000, 0x000000008f300000|  0%| F|  |TAMS 0x000000008f200000| PB 0x000000008f200000| Untracked 
| 243|0x000000008f300000, 0x000000008f300000, 0x000000008f400000|  0%| F|  |TAMS 0x000000008f300000| PB 0x000000008f300000| Untracked 
| 244|0x000000008f400000, 0x000000008f400000, 0x000000008f500000|  0%| F|  |TAMS 0x000000008f400000| PB 0x000000008f400000| Untracked 
| 245|0x000000008f500000, 0x000000008f500000, 0x000000008f600000|  0%| F|  |TAMS 0x000000008f500000| PB 0x000000008f500000| Untracked 
| 246|0x000000008f600000, 0x000000008f600000, 0x000000008f700000|  0%| F|  |TAMS 0x000000008f600000| PB 0x000000008f600000| Untracked 
| 247|0x000000008f700000, 0x000000008f700000, 0x000000008f800000|  0%| F|  |TAMS 0x000000008f700000| PB 0x000000008f700000| Untracked 
| 248|0x000000008f800000, 0x000000008f800000, 0x000000008f900000|  0%| F|  |TAMS 0x000000008f800000| PB 0x000000008f800000| Untracked 
| 249|0x000000008f900000, 0x000000008f900000, 0x000000008fa00000|  0%| F|  |TAMS 0x000000008f900000| PB 0x000000008f900000| Untracked 
| 250|0x000000008fa00000, 0x000000008fa00000, 0x000000008fb00000|  0%| F|  |TAMS 0x000000008fa00000| PB 0x000000008fa00000| Untracked 
| 251|0x000000008fb00000, 0x000000008fb00000, 0x000000008fc00000|  0%| F|  |TAMS 0x000000008fb00000| PB 0x000000008fb00000| Untracked 
| 252|0x000000008fc00000, 0x000000008fc00000, 0x000000008fd00000|  0%| F|  |TAMS 0x000000008fc00000| PB 0x000000008fc00000| Untracked 
| 253|0x000000008fd00000, 0x000000008fd00000, 0x000000008fe00000|  0%| F|  |TAMS 0x000000008fd00000| PB 0x000000008fd00000| Untracked 
| 254|0x000000008fe00000, 0x000000008fe00000, 0x000000008ff00000|  0%| F|  |TAMS 0x000000008fe00000| PB 0x000000008fe00000| Untracked 
| 255|0x000000008ff00000, 0x000000008ff00000, 0x0000000090000000|  0%| F|  |TAMS 0x000000008ff00000| PB 0x000000008ff00000| Untracked 
| 256|0x0000000090000000, 0x0000000090000000, 0x0000000090100000|  0%| F|  |TAMS 0x0000000090000000| PB 0x0000000090000000| Untracked 
| 257|0x0000000090100000, 0x0000000090100000, 0x0000000090200000|  0%| F|  |TAMS 0x0000000090100000| PB 0x0000000090100000| Untracked 
| 258|0x0000000090200000, 0x0000000090200000, 0x0000000090300000|  0%| F|  |TAMS 0x0000000090200000| PB 0x0000000090200000| Untracked 
| 259|0x0000000090300000, 0x0000000090300000, 0x0000000090400000|  0%| F|  |TAMS 0x0000000090300000| PB 0x0000000090300000| Untracked 
| 260|0x0000000090400000, 0x0000000090400000, 0x0000000090500000|  0%| F|  |TAMS 0x0000000090400000| PB 0x0000000090400000| Untracked 
| 261|0x0000000090500000, 0x0000000090500000, 0x0000000090600000|  0%| F|  |TAMS 0x0000000090500000| PB 0x0000000090500000| Untracked 
| 262|0x0000000090600000, 0x0000000090600000, 0x0000000090700000|  0%| F|  |TAMS 0x0000000090600000| PB 0x0000000090600000| Untracked 
| 263|0x0000000090700000, 0x0000000090700000, 0x0000000090800000|  0%| F|  |TAMS 0x0000000090700000| PB 0x0000000090700000| Untracked 
| 264|0x0000000090800000, 0x0000000090800000, 0x0000000090900000|  0%| F|  |TAMS 0x0000000090800000| PB 0x0000000090800000| Untracked 
| 265|0x0000000090900000, 0x0000000090900000, 0x0000000090a00000|  0%| F|  |TAMS 0x0000000090900000| PB 0x0000000090900000| Untracked 
| 266|0x0000000090a00000, 0x0000000090a00000, 0x0000000090b00000|  0%| F|  |TAMS 0x0000000090a00000| PB 0x0000000090a00000| Untracked 
| 267|0x0000000090b00000, 0x0000000090b00000, 0x0000000090c00000|  0%| F|  |TAMS 0x0000000090b00000| PB 0x0000000090b00000| Untracked 
| 268|0x0000000090c00000, 0x0000000090c00000, 0x0000000090d00000|  0%| F|  |TAMS 0x0000000090c00000| PB 0x0000000090c00000| Untracked 
| 269|0x0000000090d00000, 0x0000000090d00000, 0x0000000090e00000|  0%| F|  |TAMS 0x0000000090d00000| PB 0x0000000090d00000| Untracked 
| 270|0x0000000090e00000, 0x0000000090e00000, 0x0000000090f00000|  0%| F|  |TAMS 0x0000000090e00000| PB 0x0000000090e00000| Untracked 
| 271|0x0000000090f00000, 0x0000000090f00000, 0x0000000091000000|  0%| F|  |TAMS 0x0000000090f00000| PB 0x0000000090f00000| Untracked 
| 272|0x0000000091000000, 0x0000000091000000, 0x0000000091100000|  0%| F|  |TAMS 0x0000000091000000| PB 0x0000000091000000| Untracked 
| 273|0x0000000091100000, 0x0000000091100000, 0x0000000091200000|  0%| F|  |TAMS 0x0000000091100000| PB 0x0000000091100000| Untracked 
| 274|0x0000000091200000, 0x0000000091200000, 0x0000000091300000|  0%| F|  |TAMS 0x0000000091200000| PB 0x0000000091200000| Untracked 
| 275|0x0000000091300000, 0x0000000091300000, 0x0000000091400000|  0%| F|  |TAMS 0x0000000091300000| PB 0x0000000091300000| Untracked 
| 276|0x0000000091400000, 0x0000000091400000, 0x0000000091500000|  0%| F|  |TAMS 0x0000000091400000| PB 0x0000000091400000| Untracked 
| 277|0x0000000091500000, 0x0000000091500000, 0x0000000091600000|  0%| F|  |TAMS 0x0000000091500000| PB 0x0000000091500000| Untracked 
| 278|0x0000000091600000, 0x0000000091600000, 0x0000000091700000|  0%| F|  |TAMS 0x0000000091600000| PB 0x0000000091600000| Untracked 
| 279|0x0000000091700000, 0x0000000091700000, 0x0000000091800000|  0%| F|  |TAMS 0x0000000091700000| PB 0x0000000091700000| Untracked 
| 280|0x0000000091800000, 0x0000000091800000, 0x0000000091900000|  0%| F|  |TAMS 0x0000000091800000| PB 0x0000000091800000| Untracked 
| 281|0x0000000091900000, 0x0000000091900000, 0x0000000091a00000|  0%| F|  |TAMS 0x0000000091900000| PB 0x0000000091900000| Untracked 
| 282|0x0000000091a00000, 0x0000000091a00000, 0x0000000091b00000|  0%| F|  |TAMS 0x0000000091a00000| PB 0x0000000091a00000| Untracked 
| 283|0x0000000091b00000, 0x0000000091b00000, 0x0000000091c00000|  0%| F|  |TAMS 0x0000000091b00000| PB 0x0000000091b00000| Untracked 
| 284|0x0000000091c00000, 0x0000000091c00000, 0x0000000091d00000|  0%| F|  |TAMS 0x0000000091c00000| PB 0x0000000091c00000| Untracked 
| 285|0x0000000091d00000, 0x0000000091d00000, 0x0000000091e00000|  0%| F|  |TAMS 0x0000000091d00000| PB 0x0000000091d00000| Untracked 
| 286|0x0000000091e00000, 0x0000000091e00000, 0x0000000091f00000|  0%| F|  |TAMS 0x0000000091e00000| PB 0x0000000091e00000| Untracked 
| 287|0x0000000091f00000, 0x0000000091f00000, 0x0000000092000000|  0%| F|  |TAMS 0x0000000091f00000| PB 0x0000000091f00000| Untracked 
| 288|0x0000000092000000, 0x0000000092000000, 0x0000000092100000|  0%| F|  |TAMS 0x0000000092000000| PB 0x0000000092000000| Untracked 
| 289|0x0000000092100000, 0x0000000092100000, 0x0000000092200000|  0%| F|  |TAMS 0x0000000092100000| PB 0x0000000092100000| Untracked 
| 290|0x0000000092200000, 0x0000000092200000, 0x0000000092300000|  0%| F|  |TAMS 0x0000000092200000| PB 0x0000000092200000| Untracked 
| 291|0x0000000092300000, 0x0000000092300000, 0x0000000092400000|  0%| F|  |TAMS 0x0000000092300000| PB 0x0000000092300000| Untracked 
| 292|0x0000000092400000, 0x0000000092400000, 0x0000000092500000|  0%| F|  |TAMS 0x0000000092400000| PB 0x0000000092400000| Untracked 
| 293|0x0000000092500000, 0x0000000092500000, 0x0000000092600000|  0%| F|  |TAMS 0x0000000092500000| PB 0x0000000092500000| Untracked 
| 294|0x0000000092600000, 0x0000000092600000, 0x0000000092700000|  0%| F|  |TAMS 0x0000000092600000| PB 0x0000000092600000| Untracked 
| 295|0x0000000092700000, 0x0000000092700000, 0x0000000092800000|  0%| F|  |TAMS 0x0000000092700000| PB 0x0000000092700000| Untracked 
| 296|0x0000000092800000, 0x0000000092800000, 0x0000000092900000|  0%| F|  |TAMS 0x0000000092800000| PB 0x0000000092800000| Untracked 
| 297|0x0000000092900000, 0x0000000092900000, 0x0000000092a00000|  0%| F|  |TAMS 0x0000000092900000| PB 0x0000000092900000| Untracked 
| 298|0x0000000092a00000, 0x0000000092a00000, 0x0000000092b00000|  0%| F|  |TAMS 0x0000000092a00000| PB 0x0000000092a00000| Untracked 
| 299|0x0000000092b00000, 0x0000000092b00000, 0x0000000092c00000|  0%| F|  |TAMS 0x0000000092b00000| PB 0x0000000092b00000| Untracked 
| 300|0x0000000092c00000, 0x0000000092c00000, 0x0000000092d00000|  0%| F|  |TAMS 0x0000000092c00000| PB 0x0000000092c00000| Untracked 
| 301|0x0000000092d00000, 0x0000000092d00000, 0x0000000092e00000|  0%| F|  |TAMS 0x0000000092d00000| PB 0x0000000092d00000| Untracked 
| 302|0x0000000092e00000, 0x0000000092e00000, 0x0000000092f00000|  0%| F|  |TAMS 0x0000000092e00000| PB 0x0000000092e00000| Untracked 
| 303|0x0000000092f00000, 0x0000000092f00000, 0x0000000093000000|  0%| F|  |TAMS 0x0000000092f00000| PB 0x0000000092f00000| Untracked 
| 304|0x0000000093000000, 0x0000000093000000, 0x0000000093100000|  0%| F|  |TAMS 0x0000000093000000| PB 0x0000000093000000| Untracked 
| 305|0x0000000093100000, 0x0000000093100000, 0x0000000093200000|  0%| F|  |TAMS 0x0000000093100000| PB 0x0000000093100000| Untracked 
| 306|0x0000000093200000, 0x0000000093200000, 0x0000000093300000|  0%| F|  |TAMS 0x0000000093200000| PB 0x0000000093200000| Untracked 
| 307|0x0000000093300000, 0x0000000093300000, 0x0000000093400000|  0%| F|  |TAMS 0x0000000093300000| PB 0x0000000093300000| Untracked 
| 308|0x0000000093400000, 0x0000000093400000, 0x0000000093500000|  0%| F|  |TAMS 0x0000000093400000| PB 0x0000000093400000| Untracked 
| 309|0x0000000093500000, 0x0000000093500000, 0x0000000093600000|  0%| F|  |TAMS 0x0000000093500000| PB 0x0000000093500000| Untracked 
| 310|0x0000000093600000, 0x0000000093600000, 0x0000000093700000|  0%| F|  |TAMS 0x0000000093600000| PB 0x0000000093600000| Untracked 
| 311|0x0000000093700000, 0x0000000093700000, 0x0000000093800000|  0%| F|  |TAMS 0x0000000093700000| PB 0x0000000093700000| Untracked 
| 312|0x0000000093800000, 0x0000000093800000, 0x0000000093900000|  0%| F|  |TAMS 0x0000000093800000| PB 0x0000000093800000| Untracked 
| 313|0x0000000093900000, 0x0000000093900000, 0x0000000093a00000|  0%| F|  |TAMS 0x0000000093900000| PB 0x0000000093900000| Untracked 
| 314|0x0000000093a00000, 0x0000000093a00000, 0x0000000093b00000|  0%| F|  |TAMS 0x0000000093a00000| PB 0x0000000093a00000| Untracked 
| 315|0x0000000093b00000, 0x0000000093b00000, 0x0000000093c00000|  0%| F|  |TAMS 0x0000000093b00000| PB 0x0000000093b00000| Untracked 
| 316|0x0000000093c00000, 0x0000000093c00000, 0x0000000093d00000|  0%| F|  |TAMS 0x0000000093c00000| PB 0x0000000093c00000| Untracked 
| 317|0x0000000093d00000, 0x0000000093d00000, 0x0000000093e00000|  0%| F|  |TAMS 0x0000000093d00000| PB 0x0000000093d00000| Untracked 
| 318|0x0000000093e00000, 0x0000000093e00000, 0x0000000093f00000|  0%| F|  |TAMS 0x0000000093e00000| PB 0x0000000093e00000| Untracked 
| 319|0x0000000093f00000, 0x0000000093f00000, 0x0000000094000000|  0%| F|  |TAMS 0x0000000093f00000| PB 0x0000000093f00000| Untracked 
| 320|0x0000000094000000, 0x0000000094000000, 0x0000000094100000|  0%| F|  |TAMS 0x0000000094000000| PB 0x0000000094000000| Untracked 
| 321|0x0000000094100000, 0x0000000094100000, 0x0000000094200000|  0%| F|  |TAMS 0x0000000094100000| PB 0x0000000094100000| Untracked 
| 322|0x0000000094200000, 0x0000000094200000, 0x0000000094300000|  0%| F|  |TAMS 0x0000000094200000| PB 0x0000000094200000| Untracked 
| 323|0x0000000094300000, 0x0000000094300000, 0x0000000094400000|  0%| F|  |TAMS 0x0000000094300000| PB 0x0000000094300000| Untracked 
| 324|0x0000000094400000, 0x0000000094400000, 0x0000000094500000|  0%| F|  |TAMS 0x0000000094400000| PB 0x0000000094400000| Untracked 
| 325|0x0000000094500000, 0x0000000094500000, 0x0000000094600000|  0%| F|  |TAMS 0x0000000094500000| PB 0x0000000094500000| Untracked 
| 326|0x0000000094600000, 0x0000000094600000, 0x0000000094700000|  0%| F|  |TAMS 0x0000000094600000| PB 0x0000000094600000| Untracked 
| 327|0x0000000094700000, 0x0000000094700000, 0x0000000094800000|  0%| F|  |TAMS 0x0000000094700000| PB 0x0000000094700000| Untracked 
| 328|0x0000000094800000, 0x0000000094800000, 0x0000000094900000|  0%| F|  |TAMS 0x0000000094800000| PB 0x0000000094800000| Untracked 
| 329|0x0000000094900000, 0x0000000094900000, 0x0000000094a00000|  0%| F|  |TAMS 0x0000000094900000| PB 0x0000000094900000| Untracked 
| 330|0x0000000094a00000, 0x0000000094a00000, 0x0000000094b00000|  0%| F|  |TAMS 0x0000000094a00000| PB 0x0000000094a00000| Untracked 
| 331|0x0000000094b00000, 0x0000000094b00000, 0x0000000094c00000|  0%| F|  |TAMS 0x0000000094b00000| PB 0x0000000094b00000| Untracked 
| 332|0x0000000094c00000, 0x0000000094c00000, 0x0000000094d00000|  0%| F|  |TAMS 0x0000000094c00000| PB 0x0000000094c00000| Untracked 
| 333|0x0000000094d00000, 0x0000000094d00000, 0x0000000094e00000|  0%| F|  |TAMS 0x0000000094d00000| PB 0x0000000094d00000| Untracked 
| 334|0x0000000094e00000, 0x0000000094e00000, 0x0000000094f00000|  0%| F|  |TAMS 0x0000000094e00000| PB 0x0000000094e00000| Untracked 
| 335|0x0000000094f00000, 0x0000000094f00000, 0x0000000095000000|  0%| F|  |TAMS 0x0000000094f00000| PB 0x0000000094f00000| Untracked 
| 336|0x0000000095000000, 0x0000000095000000, 0x0000000095100000|  0%| F|  |TAMS 0x0000000095000000| PB 0x0000000095000000| Untracked 
| 337|0x0000000095100000, 0x0000000095100000, 0x0000000095200000|  0%| F|  |TAMS 0x0000000095100000| PB 0x0000000095100000| Untracked 
| 338|0x0000000095200000, 0x0000000095200000, 0x0000000095300000|  0%| F|  |TAMS 0x0000000095200000| PB 0x0000000095200000| Untracked 
| 339|0x0000000095300000, 0x0000000095300000, 0x0000000095400000|  0%| F|  |TAMS 0x0000000095300000| PB 0x0000000095300000| Untracked 
| 340|0x0000000095400000, 0x0000000095400000, 0x0000000095500000|  0%| F|  |TAMS 0x0000000095400000| PB 0x0000000095400000| Untracked 
| 341|0x0000000095500000, 0x0000000095500000, 0x0000000095600000|  0%| F|  |TAMS 0x0000000095500000| PB 0x0000000095500000| Untracked 
| 342|0x0000000095600000, 0x0000000095600000, 0x0000000095700000|  0%| F|  |TAMS 0x0000000095600000| PB 0x0000000095600000| Untracked 
| 343|0x0000000095700000, 0x0000000095700000, 0x0000000095800000|  0%| F|  |TAMS 0x0000000095700000| PB 0x0000000095700000| Untracked 
| 344|0x0000000095800000, 0x0000000095800000, 0x0000000095900000|  0%| F|  |TAMS 0x0000000095800000| PB 0x0000000095800000| Untracked 
| 345|0x0000000095900000, 0x0000000095900000, 0x0000000095a00000|  0%| F|  |TAMS 0x0000000095900000| PB 0x0000000095900000| Untracked 
| 346|0x0000000095a00000, 0x0000000095a00000, 0x0000000095b00000|  0%| F|  |TAMS 0x0000000095a00000| PB 0x0000000095a00000| Untracked 
| 347|0x0000000095b00000, 0x0000000095b00000, 0x0000000095c00000|  0%| F|  |TAMS 0x0000000095b00000| PB 0x0000000095b00000| Untracked 
| 348|0x0000000095c00000, 0x0000000095c00000, 0x0000000095d00000|  0%| F|  |TAMS 0x0000000095c00000| PB 0x0000000095c00000| Untracked 
| 349|0x0000000095d00000, 0x0000000095d00000, 0x0000000095e00000|  0%| F|  |TAMS 0x0000000095d00000| PB 0x0000000095d00000| Untracked 
| 350|0x0000000095e00000, 0x0000000095e00000, 0x0000000095f00000|  0%| F|  |TAMS 0x0000000095e00000| PB 0x0000000095e00000| Untracked 
| 351|0x0000000095f00000, 0x0000000095f00000, 0x0000000096000000|  0%| F|  |TAMS 0x0000000095f00000| PB 0x0000000095f00000| Untracked 
| 352|0x0000000096000000, 0x0000000096000000, 0x0000000096100000|  0%| F|  |TAMS 0x0000000096000000| PB 0x0000000096000000| Untracked 
| 353|0x0000000096100000, 0x0000000096100000, 0x0000000096200000|  0%| F|  |TAMS 0x0000000096100000| PB 0x0000000096100000| Untracked 
| 354|0x0000000096200000, 0x0000000096200000, 0x0000000096300000|  0%| F|  |TAMS 0x0000000096200000| PB 0x0000000096200000| Untracked 
| 355|0x0000000096300000, 0x0000000096300000, 0x0000000096400000|  0%| F|  |TAMS 0x0000000096300000| PB 0x0000000096300000| Untracked 
| 356|0x0000000096400000, 0x0000000096400000, 0x0000000096500000|  0%| F|  |TAMS 0x0000000096400000| PB 0x0000000096400000| Untracked 
| 357|0x0000000096500000, 0x0000000096500000, 0x0000000096600000|  0%| F|  |TAMS 0x0000000096500000| PB 0x0000000096500000| Untracked 
| 358|0x0000000096600000, 0x0000000096600000, 0x0000000096700000|  0%| F|  |TAMS 0x0000000096600000| PB 0x0000000096600000| Untracked 
| 359|0x0000000096700000, 0x0000000096700000, 0x0000000096800000|  0%| F|  |TAMS 0x0000000096700000| PB 0x0000000096700000| Untracked 
| 360|0x0000000096800000, 0x0000000096800000, 0x0000000096900000|  0%| F|  |TAMS 0x0000000096800000| PB 0x0000000096800000| Untracked 
| 361|0x0000000096900000, 0x0000000096900000, 0x0000000096a00000|  0%| F|  |TAMS 0x0000000096900000| PB 0x0000000096900000| Untracked 
| 362|0x0000000096a00000, 0x0000000096a00000, 0x0000000096b00000|  0%| F|  |TAMS 0x0000000096a00000| PB 0x0000000096a00000| Untracked 
| 363|0x0000000096b00000, 0x0000000096b00000, 0x0000000096c00000|  0%| F|  |TAMS 0x0000000096b00000| PB 0x0000000096b00000| Untracked 
| 364|0x0000000096c00000, 0x0000000096c00000, 0x0000000096d00000|  0%| F|  |TAMS 0x0000000096c00000| PB 0x0000000096c00000| Untracked 
| 365|0x0000000096d00000, 0x0000000096d00000, 0x0000000096e00000|  0%| F|  |TAMS 0x0000000096d00000| PB 0x0000000096d00000| Untracked 
| 366|0x0000000096e00000, 0x0000000096e00000, 0x0000000096f00000|  0%| F|  |TAMS 0x0000000096e00000| PB 0x0000000096e00000| Untracked 
| 367|0x0000000096f00000, 0x0000000096f00000, 0x0000000097000000|  0%| F|  |TAMS 0x0000000096f00000| PB 0x0000000096f00000| Untracked 
| 368|0x0000000097000000, 0x0000000097000000, 0x0000000097100000|  0%| F|  |TAMS 0x0000000097000000| PB 0x0000000097000000| Untracked 
| 369|0x0000000097100000, 0x0000000097100000, 0x0000000097200000|  0%| F|  |TAMS 0x0000000097100000| PB 0x0000000097100000| Untracked 
| 370|0x0000000097200000, 0x0000000097200000, 0x0000000097300000|  0%| F|  |TAMS 0x0000000097200000| PB 0x0000000097200000| Untracked 
| 371|0x0000000097300000, 0x0000000097300000, 0x0000000097400000|  0%| F|  |TAMS 0x0000000097300000| PB 0x0000000097300000| Untracked 
| 372|0x0000000097400000, 0x0000000097400000, 0x0000000097500000|  0%| F|  |TAMS 0x0000000097400000| PB 0x0000000097400000| Untracked 
| 373|0x0000000097500000, 0x0000000097500000, 0x0000000097600000|  0%| F|  |TAMS 0x0000000097500000| PB 0x0000000097500000| Untracked 
| 374|0x0000000097600000, 0x0000000097600000, 0x0000000097700000|  0%| F|  |TAMS 0x0000000097600000| PB 0x0000000097600000| Untracked 
| 375|0x0000000097700000, 0x0000000097700000, 0x0000000097800000|  0%| F|  |TAMS 0x0000000097700000| PB 0x0000000097700000| Untracked 
| 376|0x0000000097800000, 0x00000000978883b8, 0x0000000097900000| 53%| E|  |TAMS 0x0000000097800000| PB 0x0000000097800000| Complete 
| 377|0x0000000097900000, 0x0000000097a00000, 0x0000000097a00000|100%| E|CS|TAMS 0x0000000097900000| PB 0x0000000097900000| Complete 
| 378|0x0000000097a00000, 0x0000000097b00000, 0x0000000097b00000|100%| E|CS|TAMS 0x0000000097a00000| PB 0x0000000097a00000| Complete 
| 379|0x0000000097b00000, 0x0000000097c00000, 0x0000000097c00000|100%| E|CS|TAMS 0x0000000097b00000| PB 0x0000000097b00000| Complete 
| 380|0x0000000097c00000, 0x0000000097d00000, 0x0000000097d00000|100%| E|CS|TAMS 0x0000000097c00000| PB 0x0000000097c00000| Complete 
| 381|0x0000000097d00000, 0x0000000097e00000, 0x0000000097e00000|100%| E|CS|TAMS 0x0000000097d00000| PB 0x0000000097d00000| Complete 
| 382|0x0000000097e00000, 0x0000000097f00000, 0x0000000097f00000|100%| E|CS|TAMS 0x0000000097e00000| PB 0x0000000097e00000| Complete 
| 383|0x0000000097f00000, 0x0000000098000000, 0x0000000098000000|100%| E|CS|TAMS 0x0000000097f00000| PB 0x0000000097f00000| Complete 
| 384|0x0000000098000000, 0x0000000098100000, 0x0000000098100000|100%| E|CS|TAMS 0x0000000098000000| PB 0x0000000098000000| Complete 
| 385|0x0000000098100000, 0x0000000098200000, 0x0000000098200000|100%| E|CS|TAMS 0x0000000098100000| PB 0x0000000098100000| Complete 
| 386|0x0000000098200000, 0x0000000098300000, 0x0000000098300000|100%| E|CS|TAMS 0x0000000098200000| PB 0x0000000098200000| Complete 
| 387|0x0000000098300000, 0x0000000098400000, 0x0000000098400000|100%| E|CS|TAMS 0x0000000098300000| PB 0x0000000098300000| Complete 
| 388|0x0000000098400000, 0x0000000098500000, 0x0000000098500000|100%| E|CS|TAMS 0x0000000098400000| PB 0x0000000098400000| Complete 
| 389|0x0000000098500000, 0x0000000098600000, 0x0000000098600000|100%| E|CS|TAMS 0x0000000098500000| PB 0x0000000098500000| Complete 
| 390|0x0000000098600000, 0x0000000098700000, 0x0000000098700000|100%| S|CS|TAMS 0x0000000098600000| PB 0x0000000098600000| Complete 
| 391|0x0000000098700000, 0x0000000098800000, 0x0000000098800000|100%| S|CS|TAMS 0x0000000098700000| PB 0x0000000098700000| Complete 
| 392|0x0000000098800000, 0x0000000098900000, 0x0000000098900000|100%| S|CS|TAMS 0x0000000098800000| PB 0x0000000098800000| Complete 
| 393|0x0000000098900000, 0x0000000098a00000, 0x0000000098a00000|100%| S|CS|TAMS 0x0000000098900000| PB 0x0000000098900000| Complete 
| 394|0x0000000098a00000, 0x0000000098b00000, 0x0000000098b00000|100%| S|CS|TAMS 0x0000000098a00000| PB 0x0000000098a00000| Complete 
| 395|0x0000000098b00000, 0x0000000098c00000, 0x0000000098c00000|100%| S|CS|TAMS 0x0000000098b00000| PB 0x0000000098b00000| Complete 
| 396|0x0000000098c00000, 0x0000000098d00000, 0x0000000098d00000|100%| S|CS|TAMS 0x0000000098c00000| PB 0x0000000098c00000| Complete 
| 397|0x0000000098d00000, 0x0000000098e00000, 0x0000000098e00000|100%| S|CS|TAMS 0x0000000098d00000| PB 0x0000000098d00000| Complete 
| 398|0x0000000098e00000, 0x0000000098e83b20, 0x0000000098f00000| 51%| S|CS|TAMS 0x0000000098e00000| PB 0x0000000098e00000| Complete 
|2022|0x00000000fe600000, 0x00000000fe69ada8, 0x00000000fe700000| 60%| O|  |TAMS 0x00000000fe600000| PB 0x00000000fe600000| Untracked 
|2023|0x00000000fe700000, 0x00000000fe800000, 0x00000000fe800000|100%| O|  |TAMS 0x00000000fe700000| PB 0x00000000fe700000| Untracked 
|2024|0x00000000fe800000, 0x00000000fe900000, 0x00000000fe900000|100%| O|  |TAMS 0x00000000fe800000| PB 0x00000000fe800000| Untracked 
|2025|0x00000000fe900000, 0x00000000fea00000, 0x00000000fea00000|100%| E|CS|TAMS 0x00000000fe900000| PB 0x00000000fe900000| Complete 
|2026|0x00000000fea00000, 0x00000000feb00000, 0x00000000feb00000|100%| E|CS|TAMS 0x00000000fea00000| PB 0x00000000fea00000| Complete 
|2027|0x00000000feb00000, 0x00000000fec00000, 0x00000000fec00000|100%| O|  |TAMS 0x00000000feb00000| PB 0x00000000feb00000| Untracked 
|2028|0x00000000fec00000, 0x00000000fed00000, 0x00000000fed00000|100%| E|  |TAMS 0x00000000fec00000| PB 0x00000000fec00000| Complete 
|2029|0x00000000fed00000, 0x00000000fee00000, 0x00000000fee00000|100%| E|CS|TAMS 0x00000000fed00000| PB 0x00000000fed00000| Complete 
|2030|0x00000000fee00000, 0x00000000fef00000, 0x00000000fef00000|100%| O|  |TAMS 0x00000000fee00000| PB 0x00000000fee00000| Untracked 
|2031|0x00000000fef00000, 0x00000000ff000000, 0x00000000ff000000|100%| O|  |TAMS 0x00000000fef00000| PB 0x00000000fef00000| Untracked 
|2032|0x00000000ff000000, 0x00000000ff100000, 0x00000000ff100000|100%| E|CS|TAMS 0x00000000ff000000| PB 0x00000000ff000000| Complete 
|2033|0x00000000ff100000, 0x00000000ff200000, 0x00000000ff200000|100%| O|  |TAMS 0x00000000ff100000| PB 0x00000000ff100000| Untracked 
|2034|0x00000000ff200000, 0x00000000ff300000, 0x00000000ff300000|100%| O|  |TAMS 0x00000000ff200000| PB 0x00000000ff200000| Untracked 
|2035|0x00000000ff300000, 0x00000000ff400000, 0x00000000ff400000|100%| O|  |TAMS 0x00000000ff300000| PB 0x00000000ff300000| Untracked 
|2036|0x00000000ff400000, 0x00000000ff500000, 0x00000000ff500000|100%| O|  |TAMS 0x00000000ff400000| PB 0x00000000ff400000| Untracked 
|2037|0x00000000ff500000, 0x00000000ff600000, 0x00000000ff600000|100%| O|  |TAMS 0x00000000ff500000| PB 0x00000000ff500000| Untracked 
|2038|0x00000000ff600000, 0x00000000ff700000, 0x00000000ff700000|100%| O|  |TAMS 0x00000000ff600000| PB 0x00000000ff600000| Untracked 
|2039|0x00000000ff700000, 0x00000000ff800000, 0x00000000ff800000|100%| E|CS|TAMS 0x00000000ff700000| PB 0x00000000ff700000| Complete 
|2040|0x00000000ff800000, 0x00000000ff900000, 0x00000000ff900000|100%| O|  |TAMS 0x00000000ff800000| PB 0x00000000ff800000| Untracked 
|2041|0x00000000ff900000, 0x00000000ffa00000, 0x00000000ffa00000|100%| O|  |TAMS 0x00000000ff900000| PB 0x00000000ff900000| Untracked 
|2042|0x00000000ffa00000, 0x00000000ffb00000, 0x00000000ffb00000|100%| O|  |TAMS 0x00000000ffa00000| PB 0x00000000ffa00000| Untracked 
|2043|0x00000000ffb00000, 0x00000000ffc00000, 0x00000000ffc00000|100%| O|  |TAMS 0x00000000ffb00000| PB 0x00000000ffb00000| Untracked 
|2044|0x00000000ffc00000, 0x00000000ffd00000, 0x00000000ffd00000|100%| O|  |TAMS 0x00000000ffc00000| PB 0x00000000ffc00000| Untracked 
|2045|0x00000000ffd00000, 0x00000000ffe00000, 0x00000000ffe00000|100%| E|CS|TAMS 0x00000000ffd00000| PB 0x00000000ffd00000| Complete 
|2046|0x00000000ffe00000, 0x00000000fff00000, 0x00000000fff00000|100%| O|  |TAMS 0x00000000ffe00000| PB 0x00000000ffe00000| Untracked 
|2047|0x00000000fff00000, 0x0000000100000000, 0x0000000100000000|100%| O|  |TAMS 0x00000000fff00000| PB 0x00000000fff00000| Untracked 

Card table byte_map: [0x000001be23fb0000,0x000001be243b0000] _byte_map_base: 0x000001be23bb0000

Marking Bits: (CMBitMap*) 0x000001be11562ed0
 Bits: [0x000001be243b0000, 0x000001be263b0000)

Polling page: 0x000001be0f340000

Metaspace:

Usage:
  Non-class:    120.16 MB used.
      Class:     19.94 MB used.
       Both:    140.10 MB used.

Virtual space:
  Non-class space:      128.00 MB reserved,     121.25 MB ( 95%) committed,  2 nodes.
      Class space:        1.00 GB reserved,      20.94 MB (  2%) committed,  1 nodes.
             Both:        1.12 GB reserved,     142.19 MB ( 12%) committed. 

Chunk freelists:
   Non-Class:  6.41 MB
       Class:  10.91 MB
        Both:  17.31 MB

MaxMetaspaceSize: unlimited
CompressedClassSpaceSize: 1.00 GB
Initial GC threshold: 21.00 MB
Current GC threshold: 230.88 MB
CDS: off
 - commit_granule_bytes: 65536.
 - commit_granule_words: 8192.
 - virtual_space_node_default_size: 8388608.
 - enlarge_chunks_in_place: 1.
 - use_allocation_guard: 0.


Internal statistics:

num_allocs_failed_limit: 9.
num_arena_births: 4336.
num_arena_deaths: 92.
num_vsnodes_births: 3.
num_vsnodes_deaths: 0.
num_space_committed: 2274.
num_space_uncommitted: 0.
num_chunks_returned_to_freelist: 141.
num_chunks_taken_from_freelist: 10260.
num_chunk_merges: 56.
num_chunk_splits: 6780.
num_chunks_enlarged: 4422.
num_inconsistent_stats: 0.

CodeHeap 'non-profiled nmethods': size=120000Kb used=10154Kb max_used=10154Kb free=109845Kb
 bounds [0x000001be1c130000, 0x000001be1cb40000, 0x000001be23660000]
CodeHeap 'profiled nmethods': size=120000Kb used=35880Kb max_used=35880Kb free=84120Kb
 bounds [0x000001be14660000, 0x000001be169c0000, 0x000001be1bb90000]
CodeHeap 'non-nmethods': size=5760Kb used=2966Kb max_used=3038Kb free=2793Kb
 bounds [0x000001be1bb90000, 0x000001be1bea0000, 0x000001be1c130000]
CodeCache: size=245760Kb, used=49000Kb, max_used=49072Kb, free=196758Kb
 total_blobs=17041, nmethods=15987, adapters=956, full_count=0
Compilation: enabled, stopped_count=0, restarted_count=0

Compilation events (20 events):
Event: 40.777 Thread 0x000001be29196270 20889       3       org.gradle.internal.event.DefaultListenerManager$ListenerDetails::dispatch (9 bytes)
Event: 40.777 Thread 0x000001be29196270 nmethod 20889 0x000001be14a09c90 code [0x000001be14a09e60, 0x000001be14a0a268]
Event: 40.777 Thread 0x000001be29196270 20890       3       org.gradle.internal.event.DefaultListenerManager$ListenerDetails::dispatch (21 bytes)
Event: 40.777 Thread 0x000001be29196270 nmethod 20890 0x000001be14a09710 code [0x000001be14a098c0, 0x000001be14a09b70]
Event: 40.778 Thread 0x000001be29196270 20891       3       org.gradle.api.internal.initialization.ClassLoaderScopeIdentifier::hashCode (23 bytes)
Event: 40.778 Thread 0x000001be29196270 nmethod 20891 0x000001be14b5a490 code [0x000001be14b5a680, 0x000001be14b5aa28]
Event: 40.778 Thread 0x000001be29196270 20892       3       com.google.common.collect.AbstractMapEntry::hashCode (36 bytes)
Event: 40.778 Thread 0x000001be39c11110 nmethod 20842 0x000001be1c3cb010 code [0x000001be1c3cb3c0, 0x000001be1c3cd038]
Event: 40.778 Thread 0x000001be29196270 nmethod 20892 0x000001be14b59c90 code [0x000001be14b59e80, 0x000001be14b5a340]
Event: 40.778 Thread 0x000001be39c11110 20848   !   4       java.util.stream.ReferencePipeline$7$1::accept (127 bytes)
Event: 40.779 Thread 0x000001be29196270 20893       3       org.gradle.internal.concurrent.CompositeStoppable$1::stop (1 bytes)
Event: 40.779 Thread 0x000001be29196270 nmethod 20893 0x000001be16370990 code [0x000001be16370b20, 0x000001be16370c28]
Event: 40.779 Thread 0x000001be29196270 20894       3       jdk.internal.misc.Unsafe::bool2byte (10 bytes)
Event: 40.780 Thread 0x000001be29196270 nmethod 20894 0x000001be14a09310 code [0x000001be14a094a0, 0x000001be14a09600]
Event: 40.786 Thread 0x000001be39c11110 nmethod 20848 0x000001be1ca13310 code [0x000001be1ca135a0, 0x000001be1ca13dc0]
Event: 40.786 Thread 0x000001be39c11110 20879       4       java.util.concurrent.locks.ReentrantLock$Sync::lock (13 bytes)
Event: 40.789 Thread 0x000001be39c11110 nmethod 20879 0x000001be1c37ea90 code [0x000001be1c37ec40, 0x000001be1c37f088]
Event: 40.789 Thread 0x000001be39c11110 20845       4       java.util.stream.AbstractPipeline::close (48 bytes)
Event: 40.790 Thread 0x000001be39c11110 nmethod 20845 0x000001be1ca12e90 code [0x000001be1ca13020, 0x000001be1ca13208]
Event: 40.790 Thread 0x000001be39c11110 20863       4       java.util.stream.Streams$StreamBuilderImpl::forEachRemaining (30 bytes)

GC Heap History (20 events):
Event: 37.123 GC heap before
{Heap before GC invocations=41 (full 0):
 garbage-first heap   total 257024K, used 227794K [0x0000000080000000, 0x0000000100000000)
  region size 1024K, 100 young (102400K), 13 survivors (13312K)
 Metaspace       used 129501K, committed 131648K, reserved 1179648K
  class space    used 18224K, committed 19264K, reserved 1048576K
}
Event: 37.130 GC heap after
{Heap after GC invocations=42 (full 0):
 garbage-first heap   total 257024K, used 147207K [0x0000000080000000, 0x0000000100000000)
  region size 1024K, 13 young (13312K), 13 survivors (13312K)
 Metaspace       used 129501K, committed 131648K, reserved 1179648K
  class space    used 18224K, committed 19264K, reserved 1048576K
}
Event: 37.461 GC heap before
{Heap before GC invocations=42 (full 0):
 garbage-first heap   total 257024K, used 228103K [0x0000000080000000, 0x0000000100000000)
  region size 1024K, 93 young (95232K), 13 survivors (13312K)
 Metaspace       used 136446K, committed 138688K, reserved 1179648K
  class space    used 19533K, committed 20608K, reserved 1048576K
}
Event: 37.469 GC heap after
{Heap after GC invocations=43 (full 0):
 garbage-first heap   total 257024K, used 154229K [0x0000000080000000, 0x0000000100000000)
  region size 1024K, 7 young (7168K), 7 survivors (7168K)
 Metaspace       used 136446K, committed 138688K, reserved 1179648K
  class space    used 19533K, committed 20608K, reserved 1048576K
}
Event: 37.717 GC heap before
{Heap before GC invocations=44 (full 0):
 garbage-first heap   total 258048K, used 234101K [0x0000000080000000, 0x0000000100000000)
  region size 1024K, 86 young (88064K), 7 survivors (7168K)
 Metaspace       used 138784K, committed 140992K, reserved 1179648K
  class space    used 19896K, committed 20928K, reserved 1048576K
}
Event: 37.722 GC heap after
{Heap after GC invocations=45 (full 0):
 garbage-first heap   total 258048K, used 159537K [0x0000000080000000, 0x0000000100000000)
  region size 1024K, 6 young (6144K), 6 survivors (6144K)
 Metaspace       used 138784K, committed 140992K, reserved 1179648K
  class space    used 19896K, committed 20928K, reserved 1048576K
}
Event: 37.908 GC heap before
{Heap before GC invocations=45 (full 0):
 garbage-first heap   total 258048K, used 236337K [0x0000000080000000, 0x0000000100000000)
  region size 1024K, 82 young (83968K), 6 survivors (6144K)
 Metaspace       used 139023K, committed 141184K, reserved 1179648K
  class space    used 19921K, committed 20992K, reserved 1048576K
}
Event: 37.912 GC heap after
{Heap after GC invocations=46 (full 0):
 garbage-first heap   total 258048K, used 156581K [0x0000000080000000, 0x0000000100000000)
  region size 1024K, 5 young (5120K), 5 survivors (5120K)
 Metaspace       used 139023K, committed 141184K, reserved 1179648K
  class space    used 19921K, committed 20992K, reserved 1048576K
}
Event: 38.063 GC heap before
{Heap before GC invocations=46 (full 0):
 garbage-first heap   total 258048K, used 236453K [0x0000000080000000, 0x0000000100000000)
  region size 1024K, 84 young (86016K), 5 survivors (5120K)
 Metaspace       used 139149K, committed 141312K, reserved 1179648K
  class space    used 19926K, committed 20992K, reserved 1048576K
}
Event: 38.066 GC heap after
{Heap after GC invocations=47 (full 0):
 garbage-first heap   total 258048K, used 156275K [0x0000000080000000, 0x0000000100000000)
  region size 1024K, 4 young (4096K), 4 survivors (4096K)
 Metaspace       used 139149K, committed 141312K, reserved 1179648K
  class space    used 19926K, committed 20992K, reserved 1048576K
}
Event: 38.319 GC heap before
{Heap before GC invocations=48 (full 0):
 garbage-first heap   total 261120K, used 238195K [0x0000000080000000, 0x0000000100000000)
  region size 1024K, 85 young (87040K), 4 survivors (4096K)
 Metaspace       used 139287K, committed 141440K, reserved 1179648K
  class space    used 19911K, committed 20992K, reserved 1048576K
}
Event: 38.322 GC heap after
{Heap after GC invocations=49 (full 0):
 garbage-first heap   total 261120K, used 157949K [0x0000000080000000, 0x0000000100000000)
  region size 1024K, 6 young (6144K), 6 survivors (6144K)
 Metaspace       used 139287K, committed 141440K, reserved 1179648K
  class space    used 19911K, committed 20992K, reserved 1048576K
}
Event: 38.463 GC heap before
{Heap before GC invocations=49 (full 0):
 garbage-first heap   total 261120K, used 238845K [0x0000000080000000, 0x0000000100000000)
  region size 1024K, 86 young (88064K), 6 survivors (6144K)
 Metaspace       used 139475K, committed 141568K, reserved 1179648K
  class space    used 19954K, committed 20992K, reserved 1048576K
}
Event: 38.466 GC heap after
{Heap after GC invocations=50 (full 0):
 garbage-first heap   total 261120K, used 155303K [0x0000000080000000, 0x0000000100000000)
  region size 1024K, 5 young (5120K), 5 survivors (5120K)
 Metaspace       used 139475K, committed 141568K, reserved 1179648K
  class space    used 19954K, committed 20992K, reserved 1048576K
}
Event: 38.648 GC heap before
{Heap before GC invocations=50 (full 0):
 garbage-first heap   total 261120K, used 240295K [0x0000000080000000, 0x0000000100000000)
  region size 1024K, 89 young (91136K), 5 survivors (5120K)
 Metaspace       used 139568K, committed 141696K, reserved 1179648K
  class space    used 19954K, committed 20992K, reserved 1048576K
}
Event: 38.651 GC heap after
{Heap after GC invocations=51 (full 0):
 garbage-first heap   total 313344K, used 155759K [0x0000000080000000, 0x0000000100000000)
  region size 1024K, 6 young (6144K), 6 survivors (6144K)
 Metaspace       used 139568K, committed 141696K, reserved 1179648K
  class space    used 19954K, committed 20992K, reserved 1048576K
}
Event: 38.970 GC heap before
{Heap before GC invocations=52 (full 0):
 garbage-first heap   total 313344K, used 288879K [0x0000000080000000, 0x0000000100000000)
  region size 1024K, 137 young (140288K), 6 survivors (6144K)
 Metaspace       used 139893K, committed 142080K, reserved 1179648K
  class space    used 19954K, committed 20992K, reserved 1048576K
}
Event: 38.973 GC heap after
{Heap after GC invocations=53 (full 0):
 garbage-first heap   total 313344K, used 158209K [0x0000000080000000, 0x0000000100000000)
  region size 1024K, 8 young (8192K), 8 survivors (8192K)
 Metaspace       used 139893K, committed 142080K, reserved 1179648K
  class space    used 19954K, committed 20992K, reserved 1048576K
}
Event: 40.666 GC heap before
{Heap before GC invocations=53 (full 0):
 garbage-first heap   total 422912K, used 421377K [0x0000000080000000, 0x0000000100000000)
  region size 1024K, 115 young (117760K), 8 survivors (8192K)
 Metaspace       used 142346K, committed 144512K, reserved 1179648K
  class space    used 20270K, committed 21312K, reserved 1048576K
}
Event: 40.672 GC heap after
{Heap after GC invocations=54 (full 0):
 garbage-first heap   total 435200K, used 156794K [0x0000000080000000, 0x0000000100000000)
  region size 1024K, 9 young (9216K), 9 survivors (9216K)
 Metaspace       used 142346K, committed 144512K, reserved 1179648K
  class space    used 20270K, committed 21312K, reserved 1048576K
}

Dll operation events (3 events):
Event: 0.010 Loaded shared library C:\Program Files\Android\Android Studio7\jbr\bin\java.dll
Event: 0.015 Loaded shared library C:\Program Files\Android\Android Studio7\jbr\bin\zip.dll
Event: 0.404 Loaded shared library C:\Program Files\Android\Android Studio7\jbr\bin\verify.dll

Deoptimization events (20 events):
Event: 40.767 Thread 0x000001be2fa4cca0 DEOPT PACKING pc=0x000001be14b88afc sp=0x000000baf5eff3e0
Event: 40.767 Thread 0x000001be2fa4d9c0 DEOPT PACKING pc=0x000001be14b88afc sp=0x000000baf5ffedd0
Event: 40.767 Thread 0x000001be2fa4d9c0 DEOPT UNPACKING pc=0x000001be1bbe4e42 sp=0x000000baf5ffe3d0 mode 0
Event: 40.767 Thread 0x000001be2fa4cca0 DEOPT UNPACKING pc=0x000001be1bbe4e42 sp=0x000000baf5efe9e0 mode 0
Event: 40.774 Thread 0x000001be2eef3830 Uncommon trap: trap_request=0xffffff45 fr.pc=0x000001be1c819eac relative=0x000000000000008c
Event: 40.774 Thread 0x000001be2eef3830 Uncommon trap: reason=unstable_if action=reinterpret pc=0x000001be1c819eac method=org.gradle.internal.operations.DefaultBuildOperationRunner.assertParentRunning(Ljava/lang/String;Lorg/gradle/internal/operations/BuildOperationDescriptor;Lorg/gradle/interna
Event: 40.774 Thread 0x000001be2eef3830 DEOPT PACKING pc=0x000001be1c819eac sp=0x000000baf1efd5e0
Event: 40.774 Thread 0x000001be2eef3830 DEOPT UNPACKING pc=0x000001be1bbe46a2 sp=0x000000baf1efd570 mode 2
Event: 40.785 Thread 0x000001be2eef3830 Uncommon trap: trap_request=0xffffffc6 fr.pc=0x000001be1c5cf1f4 relative=0x0000000000000bd4
Event: 40.785 Thread 0x000001be2eef3830 Uncommon trap: reason=bimorphic_or_optimized_type_check action=maybe_recompile pc=0x000001be1c5cf1f4 method=java.util.HashMap.removeNode(ILjava/lang/Object;Ljava/lang/Object;ZZ)Ljava/util/HashMap$Node; @ 143 c2
Event: 40.785 Thread 0x000001be2eef3830 DEOPT PACKING pc=0x000001be1c5cf1f4 sp=0x000000baf1efc4c0
Event: 40.785 Thread 0x000001be2eef3830 DEOPT UNPACKING pc=0x000001be1bbe46a2 sp=0x000000baf1efc458 mode 2
Event: 40.790 Thread 0x000001be2eef3830 Uncommon trap: trap_request=0xffffff45 fr.pc=0x000001be1c8e09f8 relative=0x0000000000000938
Event: 40.790 Thread 0x000001be2eef3830 Uncommon trap: reason=unstable_if action=reinterpret pc=0x000001be1c8e09f8 method=org.gradle.internal.logging.events.ProgressStartEvent.<init>(Lorg/gradle/internal/operations/OperationIdentifier;Lorg/gradle/internal/operations/OperationIdentifier;JLjava/l
Event: 40.790 Thread 0x000001be2eef3830 DEOPT PACKING pc=0x000001be1c8e09f8 sp=0x000000baf1efd060
Event: 40.790 Thread 0x000001be2eef3830 DEOPT UNPACKING pc=0x000001be1bbe46a2 sp=0x000000baf1efcfd0 mode 2
Event: 40.790 Thread 0x000001be2eef3830 Uncommon trap: trap_request=0xffffff45 fr.pc=0x000001be1c811c5c relative=0x000000000000051c
Event: 40.790 Thread 0x000001be2eef3830 Uncommon trap: reason=unstable_if action=reinterpret pc=0x000001be1c811c5c method=org.gradle.internal.logging.sink.OutputEventTransformer.onOutput(Lorg/gradle/internal/logging/events/OutputEvent;)V @ 16 c2
Event: 40.790 Thread 0x000001be2eef3830 DEOPT PACKING pc=0x000001be1c811c5c sp=0x000000baf1efd030
Event: 40.790 Thread 0x000001be2eef3830 DEOPT UNPACKING pc=0x000001be1bbe46a2 sp=0x000000baf1efcfc8 mode 2

Classes loaded (20 events):
Event: 40.693 Loading class javax/management/NotCompliantMBeanException
Event: 40.694 Loading class javax/management/NotCompliantMBeanException done
Event: 40.716 Loading class java/time/temporal/TemporalQueries
Event: 40.716 Loading class java/time/temporal/TemporalQueries done
Event: 40.716 Loading class java/time/temporal/TemporalQueries$1
Event: 40.716 Loading class java/time/temporal/TemporalQueries$1 done
Event: 40.716 Loading class java/time/temporal/TemporalQueries$2
Event: 40.716 Loading class java/time/temporal/TemporalQueries$2 done
Event: 40.716 Loading class java/time/temporal/TemporalQueries$3
Event: 40.717 Loading class java/time/temporal/TemporalQueries$3 done
Event: 40.717 Loading class java/time/temporal/TemporalQueries$4
Event: 40.717 Loading class java/time/temporal/TemporalQueries$4 done
Event: 40.717 Loading class java/time/temporal/TemporalQueries$5
Event: 40.717 Loading class java/time/temporal/TemporalQueries$5 done
Event: 40.717 Loading class java/time/temporal/TemporalQueries$6
Event: 40.717 Loading class java/time/temporal/TemporalQueries$6 done
Event: 40.717 Loading class java/time/temporal/TemporalQueries$7
Event: 40.717 Loading class java/time/temporal/TemporalQueries$7 done
Event: 40.717 Loading class java/time/LocalDate$1
Event: 40.717 Loading class java/time/LocalDate$1 done

Classes unloaded (20 events):
Event: 38.139 Thread 0x000001be2911ad70 Unloading class 0x00000001012bc400 'java/lang/invoke/LambdaForm$DMH+0x00000001012bc400'
Event: 38.139 Thread 0x000001be2911ad70 Unloading class 0x00000001012b2000 'java/lang/invoke/LambdaForm$DMH+0x00000001012b2000'
Event: 38.139 Thread 0x000001be2911ad70 Unloading class 0x00000001012b1c00 'java/lang/invoke/LambdaForm$DMH+0x00000001012b1c00'
Event: 38.139 Thread 0x000001be2911ad70 Unloading class 0x00000001012b1800 'java/lang/invoke/LambdaForm$DMH+0x00000001012b1800'
Event: 38.139 Thread 0x000001be2911ad70 Unloading class 0x00000001012b1400 'java/lang/invoke/LambdaForm$DMH+0x00000001012b1400'
Event: 38.139 Thread 0x000001be2911ad70 Unloading class 0x00000001012b1000 'java/lang/invoke/LambdaForm$DMH+0x00000001012b1000'
Event: 38.139 Thread 0x000001be2911ad70 Unloading class 0x00000001012b0800 'java/lang/invoke/LambdaForm$DMH+0x00000001012b0800'
Event: 38.139 Thread 0x000001be2911ad70 Unloading class 0x00000001012b0c00 'java/lang/invoke/LambdaForm$DMH+0x00000001012b0c00'
Event: 38.139 Thread 0x000001be2911ad70 Unloading class 0x0000000101245c00 'java/lang/invoke/LambdaForm$DMH+0x0000000101245c00'
Event: 38.139 Thread 0x000001be2911ad70 Unloading class 0x0000000101245800 'java/lang/invoke/LambdaForm$DMH+0x0000000101245800'
Event: 38.139 Thread 0x000001be2911ad70 Unloading class 0x0000000101248000 'java/lang/invoke/LambdaForm$DMH+0x0000000101248000'
Event: 38.139 Thread 0x000001be2911ad70 Unloading class 0x0000000101245400 'java/lang/invoke/LambdaForm$DMH+0x0000000101245400'
Event: 38.139 Thread 0x000001be2911ad70 Unloading class 0x0000000101245000 'java/lang/invoke/LambdaForm$DMH+0x0000000101245000'
Event: 38.139 Thread 0x000001be2911ad70 Unloading class 0x0000000101244c00 'java/lang/invoke/LambdaForm$DMH+0x0000000101244c00'
Event: 38.139 Thread 0x000001be2911ad70 Unloading class 0x0000000101244400 'java/lang/invoke/LambdaForm$DMH+0x0000000101244400'
Event: 38.139 Thread 0x000001be2911ad70 Unloading class 0x00000001011cd000 'java/lang/invoke/LambdaForm$DMH+0x00000001011cd000'
Event: 38.139 Thread 0x000001be2911ad70 Unloading class 0x00000001011cd400 'java/lang/invoke/LambdaForm$DMH+0x00000001011cd400'
Event: 38.139 Thread 0x000001be2911ad70 Unloading class 0x00000001011ccc00 'java/lang/invoke/LambdaForm$DMH+0x00000001011ccc00'
Event: 38.139 Thread 0x000001be2911ad70 Unloading class 0x00000001011cc800 'java/lang/invoke/LambdaForm$DMH+0x00000001011cc800'
Event: 38.139 Thread 0x000001be2911ad70 Unloading class 0x00000001011cc400 'java/lang/invoke/LambdaForm$DMH+0x00000001011cc400'

Classes redefined (0 events):
No events

Internal exceptions (20 events):
Event: 39.819 Thread 0x000001be32c6fce0 Exception <a 'sun/nio/fs/WindowsException'{0x000000008c311e40}> (0x000000008c311e40) 
thrown [s\src\hotspot\share\prims\jni.cpp, line 537]
Event: 39.870 Thread 0x000001be32c6fce0 Exception <a 'java/lang/NoSuchMethodError'{0x000000008c3e8640}: 'java.lang.Object java.lang.invoke.DirectMethodHandle$Holder.newInvokeSpecial(java.lang.Object, java.lang.Object, java.lang.Object, java.lang.Object, java.lang.Object, int, java.lang.Object)'> (0x000000008c3e8640) 
thrown [s\src\hotspot\share\interpreter\linkResolver.cpp, line 784]
Event: 39.871 Thread 0x000001be32c6fce0 Exception <a 'java/lang/NoSuchMethodError'{0x000000008c3eff98}: 'java.lang.Object java.lang.invoke.Invokers$Holder.linkToTargetMethod(java.lang.Object, java.lang.Object, java.lang.Object, java.lang.Object, int, java.lang.Object, java.lang.Object)'> (0x000000008c3eff98) 
thrown [s\src\hotspot\share\interpreter\linkResolver.cpp, line 784]
Event: 39.933 Thread 0x000001be32c6fce0 Exception <a 'sun/nio/fs/WindowsException'{0x000000008bf54ec8}> (0x000000008bf54ec8) 
thrown [s\src\hotspot\share\prims\jni.cpp, line 537]
Event: 39.940 Thread 0x000001be3a42ab40 Implicit null exception at 0x000001be1c7fa66c to 0x000001be1c7fa860
Event: 39.940 Thread 0x000001be3a4276c0 Implicit null exception at 0x000001be1c7fa66c to 0x000001be1c7fa860
Event: 39.940 Thread 0x000001be3a427d50 Implicit null exception at 0x000001be1c8a5b8b to 0x000001be1c8a5c4c
Event: 39.941 Thread 0x000001be3a42b860 Implicit null exception at 0x000001be1c390b07 to 0x000001be1c390bcc
Event: 39.959 Thread 0x000001be32c6fce0 Exception <a 'java/lang/NoSuchMethodError'{0x000000008bcca1f0}: 'long java.lang.invoke.DirectMethodHandle$Holder.invokeStatic(java.lang.Object, java.lang.Object, int)'> (0x000000008bcca1f0) 
thrown [s\src\hotspot\share\interpreter\linkResolver.cpp, line 784]
Event: 39.960 Thread 0x000001be32c6fce0 Exception <a 'java/lang/NoSuchMethodError'{0x000000008bcd4860}: 'java.lang.Object java.lang.invoke.DelegatingMethodHandle$Holder.reinvoke_L(java.lang.Object, int, long, java.lang.Object, java.lang.Object, int, java.lang.Object)'> (0x000000008bcd4860) 
thrown [s\src\hotspot\share\interpreter\linkResolver.cpp, line 784]
Event: 40.580 Thread 0x000001be32c6fce0 Exception <a 'java/lang/NoSuchMethodError'{0x000000008b9c4640}: 'java.lang.Object java.lang.invoke.DirectMethodHandle$Holder.invokeVirtual(java.lang.Object, java.lang.Object, int)'> (0x000000008b9c4640) 
thrown [s\src\hotspot\share\interpreter\linkResolver.cpp, line 784]
Event: 40.632 Thread 0x000001be33240520 Exception <a 'sun/nio/fs/WindowsException'{0x0000000088189820}> (0x0000000088189820) 
thrown [s\src\hotspot\share\prims\jni.cpp, line 537]
Event: 40.659 Thread 0x000001be2eef3830 Exception <a 'java/lang/NoSuchMethodError'{0x0000000086b95498}: static Lorg/jetbrains/kotlin/gradle/plugin/statistics/MetricContainer;.<clinit>()V> (0x0000000086b95498) 
thrown [s\src\hotspot\share\prims\jni.cpp, line 1144]
Event: 40.686 Thread 0x000001be2eef3830 Exception <a 'sun/nio/fs/WindowsException'{0x00000000ffdf4678}> (0x00000000ffdf4678) 
thrown [s\src\hotspot\share\prims\jni.cpp, line 537]
Event: 40.719 Thread 0x000001be3a42e650 Exception <a 'sun/nio/fs/WindowsException'{0x00000000fed87c80}> (0x00000000fed87c80) 
thrown [s\src\hotspot\share\prims\jni.cpp, line 537]
Event: 40.724 Thread 0x000001be39280030 Implicit null exception at 0x000001be1c44478b to 0x000001be1c44484c
Event: 40.729 Thread 0x000001be2eef3830 Exception <a 'java/lang/IncompatibleClassChangeError'{0x00000000fed7c518}: Found class java.lang.Object, but interface was expected> (0x00000000fed7c518) 
thrown [s\src\hotspot\share\interpreter\linkResolver.cpp, line 851]
Event: 40.760 Thread 0x000001be2eef3830 Exception <a 'java/lang/IncompatibleClassChangeError'{0x000000009835a098}: Found class java.lang.Object, but interface was expected> (0x000000009835a098) 
thrown [s\src\hotspot\share\interpreter\linkResolver.cpp, line 851]
Event: 40.774 Thread 0x000001be2eef3830 Implicit null exception at 0x000001be1c819e3d to 0x000001be1c819e9c
Event: 40.775 Thread 0x000001be2eef3830 Exception <a 'java/lang/IncompatibleClassChangeError'{0x0000000098379230}: Found class java.lang.Object, but interface was expected> (0x0000000098379230) 
thrown [s\src\hotspot\share\interpreter\linkResolver.cpp, line 851]

ZGC Phase Switch (0 events):
No events

VM Operations (20 events):
Event: 39.813 Executing VM operation: HandshakeAllThreads (Deoptimize)
Event: 39.814 Executing VM operation: HandshakeAllThreads (Deoptimize) done
Event: 39.821 Executing VM operation: HandshakeAllThreads (Deoptimize)
Event: 39.822 Executing VM operation: HandshakeAllThreads (Deoptimize) done
Event: 39.826 Executing VM operation: HandshakeAllThreads (Deoptimize)
Event: 39.826 Executing VM operation: HandshakeAllThreads (Deoptimize) done
Event: 39.829 Executing VM operation: HandshakeAllThreads (Deoptimize)
Event: 39.829 Executing VM operation: HandshakeAllThreads (Deoptimize) done
Event: 39.873 Executing VM operation: HandshakeAllThreads (Deoptimize)
Event: 39.873 Executing VM operation: HandshakeAllThreads (Deoptimize) done
Event: 40.549 Executing VM operation: ICBufferFull
Event: 40.549 Executing VM operation: ICBufferFull done
Event: 40.656 Executing VM operation: HandshakeAllThreads (Deoptimize)
Event: 40.656 Executing VM operation: HandshakeAllThreads (Deoptimize) done
Event: 40.665 Executing VM operation: G1CollectForAllocation (G1 Evacuation Pause)
Event: 40.672 Executing VM operation: G1CollectForAllocation (G1 Evacuation Pause) done
Event: 40.680 Executing VM operation: HandshakeAllThreads (Deoptimize)
Event: 40.680 Executing VM operation: HandshakeAllThreads (Deoptimize) done
Event: 40.732 Executing VM operation: HandshakeAllThreads (Deoptimize)
Event: 40.737 Executing VM operation: HandshakeAllThreads (Deoptimize) done

Memory protections (0 events):
No events

Nmethod flushes (20 events):
Event: 38.723 Thread 0x000001be2911ad70 flushing  nmethod 0x000001be161b8690
Event: 38.723 Thread 0x000001be2911ad70 flushing  nmethod 0x000001be1620c110
Event: 38.723 Thread 0x000001be2911ad70 flushing  nmethod 0x000001be1620c810
Event: 38.723 Thread 0x000001be2911ad70 flushing  nmethod 0x000001be16211d90
Event: 38.723 Thread 0x000001be2911ad70 flushing  nmethod 0x000001be16234e10
Event: 38.723 Thread 0x000001be2911ad70 flushing  nmethod 0x000001be16235890
Event: 38.723 Thread 0x000001be2911ad70 flushing  nmethod 0x000001be16235b90
Event: 38.723 Thread 0x000001be2911ad70 flushing  nmethod 0x000001be162af490
Event: 38.723 Thread 0x000001be2911ad70 flushing  nmethod 0x000001be162b0010
Event: 38.723 Thread 0x000001be2911ad70 flushing  nmethod 0x000001be162b1d10
Event: 38.723 Thread 0x000001be2911ad70 flushing  nmethod 0x000001be162b2810
Event: 38.723 Thread 0x000001be2911ad70 flushing  nmethod 0x000001be162b2c10
Event: 38.723 Thread 0x000001be2911ad70 flushing  nmethod 0x000001be162b3710
Event: 38.723 Thread 0x000001be2911ad70 flushing  nmethod 0x000001be162b3b10
Event: 38.723 Thread 0x000001be2911ad70 flushing  nmethod 0x000001be162b5990
Event: 38.723 Thread 0x000001be2911ad70 flushing  nmethod 0x000001be162e8d10
Event: 38.723 Thread 0x000001be2911ad70 flushing  nmethod 0x000001be162f2810
Event: 38.723 Thread 0x000001be2911ad70 flushing  nmethod 0x000001be162fbc90
Event: 38.723 Thread 0x000001be2911ad70 flushing  nmethod 0x000001be162fc110
Event: 38.723 Thread 0x000001be2911ad70 flushing  nmethod 0x000001be162fc790

Events (20 events):
Event: 40.724 Thread 0x000001be392834b0 Thread exited: 0x000001be392834b0
Event: 40.739 Thread 0x000001be29196270 Thread added: 0x000001be39c11110
Event: 40.760 Thread 0x000001be2f6af5c0 Thread exited: 0x000001be2f6af5c0
Event: 40.761 Thread 0x000001be2fa4bf80 Thread exited: 0x000001be2fa4bf80
Event: 40.763 Thread 0x000001be2f462c20 Thread exited: 0x000001be2f462c20
Event: 40.764 Thread 0x000001be2f6afc50 Thread exited: 0x000001be2f6afc50
Event: 40.767 Thread 0x000001be3323a940 Thread exited: 0x000001be3323a940
Event: 40.767 Thread 0x000001be33240520 Thread exited: 0x000001be33240520
Event: 40.767 Thread 0x000001be3323d730 Thread exited: 0x000001be3323d730
Event: 40.767 Thread 0x000001be3323fe90 Thread exited: 0x000001be3323fe90
Event: 40.767 Thread 0x000001be3323ddc0 Thread exited: 0x000001be3323ddc0
Event: 40.767 Thread 0x000001be3323e450 Thread exited: 0x000001be3323e450
Event: 40.767 Thread 0x000001be3323b660 Thread exited: 0x000001be3323b660
Event: 40.767 Thread 0x000001be3323f170 Thread exited: 0x000001be3323f170
Event: 40.767 Thread 0x000001be3323f800 Thread exited: 0x000001be3323f800
Event: 40.768 Thread 0x000001be2fa4d9c0 Thread exited: 0x000001be2fa4d9c0
Event: 40.768 Thread 0x000001be2fa4cca0 Thread exited: 0x000001be2fa4cca0
Event: 40.780 Thread 0x000001be2f6b1000 Thread exited: 0x000001be2f6b1000
Event: 40.782 Thread 0x000001be2f6b02e0 Thread exited: 0x000001be2f6b02e0
Event: 40.784 Thread 0x000001be2f463940 Thread exited: 0x000001be2f463940


Dynamic libraries:
0x00007ff685640000 - 0x00007ff68564a000 	C:\Program Files\Android\Android Studio7\jbr\bin\java.exe
0x00007ffd24c00000 - 0x00007ffd24e67000 	C:\WINDOWS\SYSTEM32\ntdll.dll
0x00007ffd23fa0000 - 0x00007ffd24069000 	C:\WINDOWS\System32\KERNEL32.DLL
0x00007ffd22280000 - 0x00007ffd22671000 	C:\WINDOWS\System32\KERNELBASE.dll
0x00007ffd21d50000 - 0x00007ffd21e9b000 	C:\WINDOWS\System32\ucrtbase.dll
0x00007ffd1f650000 - 0x00007ffd1f668000 	C:\Program Files\Android\Android Studio7\jbr\bin\jli.dll
0x00007ffd22be0000 - 0x00007ffd22da5000 	C:\WINDOWS\System32\USER32.dll
0x00007ffd0e9a0000 - 0x00007ffd0e9bb000 	C:\Program Files\Android\Android Studio7\jbr\bin\VCRUNTIME140.dll
0x00007ffd220d0000 - 0x00007ffd220f7000 	C:\WINDOWS\System32\win32u.dll
0x00007ffd0beb0000 - 0x00007ffd0c143000 	C:\WINDOWS\WinSxS\amd64_microsoft.windows.common-controls_6595b64144ccf1df_6.0.26100.7922_none_3e089e1ee3342171\COMCTL32.dll
0x00007ffd23e70000 - 0x00007ffd23e9b000 	C:\WINDOWS\System32\GDI32.dll
0x00007ffd22680000 - 0x00007ffd227aa000 	C:\WINDOWS\System32\gdi32full.dll
0x00007ffd22b20000 - 0x00007ffd22bc9000 	C:\WINDOWS\System32\msvcrt.dll
0x00007ffd228f0000 - 0x00007ffd22993000 	C:\WINDOWS\System32\msvcp_win.dll
0x00007ffd24a50000 - 0x00007ffd24a81000 	C:\WINDOWS\System32\IMM32.DLL
0x00007ffd131f0000 - 0x00007ffd131fc000 	C:\Program Files\Android\Android Studio7\jbr\bin\vcruntime140_1.dll
0x00007ffd159f0000 - 0x00007ffd15a7d000 	C:\Program Files\Android\Android Studio7\jbr\bin\msvcp140.dll
0x00007ffc69080000 - 0x00007ffc69d16000 	C:\Program Files\Android\Android Studio7\jbr\bin\server\jvm.dll
0x00007ffd242a0000 - 0x00007ffd2435b000 	C:\WINDOWS\System32\ADVAPI32.dll
0x00007ffd23050000 - 0x00007ffd230f7000 	C:\WINDOWS\System32\sechost.dll
0x00007ffd22dc0000 - 0x00007ffd22ed8000 	C:\WINDOWS\System32\RPCRT4.dll
0x00007ffd22aa0000 - 0x00007ffd22b14000 	C:\WINDOWS\System32\WS2_32.dll
0x00007ffd1b9a0000 - 0x00007ffd1b9d5000 	C:\WINDOWS\SYSTEM32\WINMM.dll
0x00007ffd1f900000 - 0x00007ffd1f90b000 	C:\WINDOWS\SYSTEM32\VERSION.dll
0x00007ffd200b0000 - 0x00007ffd2010e000 	C:\WINDOWS\SYSTEM32\POWRPROF.dll
0x00007ffd20090000 - 0x00007ffd200a4000 	C:\WINDOWS\SYSTEM32\UMPDC.dll
0x00007ffd20360000 - 0x00007ffd2037b000 	C:\WINDOWS\SYSTEM32\kernel.appcore.dll
0x00007ffd131e0000 - 0x00007ffd131ea000 	C:\Program Files\Android\Android Studio7\jbr\bin\jimage.dll
0x00007ffd1eaa0000 - 0x00007ffd1ece2000 	C:\WINDOWS\SYSTEM32\DBGHELP.DLL
0x00007ffd23100000 - 0x00007ffd23482000 	C:\WINDOWS\System32\combase.dll
0x00007ffd23d90000 - 0x00007ffd23e67000 	C:\WINDOWS\System32\OLEAUT32.dll
0x00007ffceedf0000 - 0x00007ffceee2b000 	C:\WINDOWS\SYSTEM32\dbgcore.DLL
0x00007ffd22840000 - 0x00007ffd228e5000 	C:\WINDOWS\System32\bcryptPrimitives.dll
0x00007ffd17580000 - 0x00007ffd1758e000 	C:\Program Files\Android\Android Studio7\jbr\bin\instrument.dll
0x00007ffd0e980000 - 0x00007ffd0e9a0000 	C:\Program Files\Android\Android Studio7\jbr\bin\java.dll
0x00007ffcfe040000 - 0x00007ffcfe058000 	C:\Program Files\Android\Android Studio7\jbr\bin\zip.dll
0x00007ffd23620000 - 0x00007ffd23d7f000 	C:\WINDOWS\System32\SHELL32.dll
0x00007ffd21f60000 - 0x00007ffd220ca000 	C:\WINDOWS\System32\wintypes.dll
0x00007ffd214e0000 - 0x00007ffd21d44000 	C:\WINDOWS\System32\windows.storage.dll
0x00007ffd229a0000 - 0x00007ffd22a97000 	C:\WINDOWS\System32\SHCORE.dll
0x00007ffd24370000 - 0x00007ffd243d7000 	C:\WINDOWS\System32\shlwapi.dll
0x00007ffd21400000 - 0x00007ffd21429000 	C:\WINDOWS\SYSTEM32\profapi.dll
0x00007ffd0e970000 - 0x00007ffd0e980000 	C:\Program Files\Android\Android Studio7\jbr\bin\net.dll
0x00007ffd16a70000 - 0x00007ffd16b97000 	C:\WINDOWS\SYSTEM32\WINHTTP.dll
0x00007ffd20900000 - 0x00007ffd2096b000 	C:\WINDOWS\system32\mswsock.dll
0x00007ffcfdfa0000 - 0x00007ffcfdfb6000 	C:\Program Files\Android\Android Studio7\jbr\bin\nio.dll
0x00007ffd0ccc0000 - 0x00007ffd0ccd0000 	C:\Program Files\Android\Android Studio7\jbr\bin\verify.dll
0x00007ffd1ab80000 - 0x00007ffd1aba7000 	C:\Users\saiku\.gradle\native\68d5fa5c4cc2d200863cafc0d521ce42e7d3e7ee720ec0a83991735586a16f82\windows-amd64\native-platform.dll
0x00007ffc9db00000 - 0x00007ffc9dc44000 	C:\Users\saiku\.gradle\native\e376f236ea51e6404a007f0833ffe2c6e607c4080706a723a18a27aeea778392\windows-amd64\native-platform-file-events.dll
0x00007ffcfe030000 - 0x00007ffcfe039000 	C:\Program Files\Android\Android Studio7\jbr\bin\management.dll
0x00007ffcfdf90000 - 0x00007ffcfdf9b000 	C:\Program Files\Android\Android Studio7\jbr\bin\management_ext.dll
0x00007ffd22db0000 - 0x00007ffd22db8000 	C:\WINDOWS\System32\PSAPI.DLL
0x00007ffd20be0000 - 0x00007ffd20bfb000 	C:\WINDOWS\SYSTEM32\CRYPTSP.dll
0x00007ffd202c0000 - 0x00007ffd202f9000 	C:\WINDOWS\system32\rsaenh.dll
0x00007ffd209b0000 - 0x00007ffd209e2000 	C:\WINDOWS\SYSTEM32\USERENV.dll
0x00007ffd213d0000 - 0x00007ffd213fa000 	C:\WINDOWS\SYSTEM32\bcrypt.dll
0x00007ffd20c00000 - 0x00007ffd20c0c000 	C:\WINDOWS\SYSTEM32\CRYPTBASE.dll
0x00007ffd1fcb0000 - 0x00007ffd1fce3000 	C:\WINDOWS\SYSTEM32\IPHLPAPI.DLL
0x00007ffd24360000 - 0x00007ffd2436a000 	C:\WINDOWS\System32\NSI.dll
0x00007ffd0e200000 - 0x00007ffd0e209000 	C:\Program Files\Android\Android Studio7\jbr\bin\extnet.dll
0x00007ffd088d0000 - 0x00007ffd088d8000 	C:\WINDOWS\system32\wshunix.dll
0x00007ffcef600000 - 0x00007ffcef618000 	C:\WINDOWS\system32\napinsp.dll
0x00007ffd1fd40000 - 0x00007ffd1fe6a000 	C:\WINDOWS\SYSTEM32\DNSAPI.dll
0x00007ffcef5e0000 - 0x00007ffcef5f2000 	C:\WINDOWS\System32\winrnr.dll
0x00007ffcef5b0000 - 0x00007ffcef5d2000 	C:\WINDOWS\system32\nlansp_c.dll
0x00007ffd163e0000 - 0x00007ffd163f6000 	C:\WINDOWS\system32\wshbth.dll
0x00007ffd17350000 - 0x00007ffd1735b000 	C:\Windows\System32\rasadhlp.dll
0x00007ffd14290000 - 0x00007ffd14316000 	C:\WINDOWS\System32\fwpuclnt.dll
0x00007ffd15d90000 - 0x00007ffd15d97000 	C:\Program Files\Android\Android Studio7\jbr\bin\rmi.dll

JVMTI agents:
C:\Users\saiku\.gradle\wrapper\dists\gradle-8.2-bin\bbg7u40eoinfdyxsxr3z4i7ta\gradle-8.2\lib\agents\gradle-instrumentation-agent-8.2.jar path:C:\Program Files\Android\Android Studio7\jbr\bin\instrument.dll, loaded, initialized, instrumentlib options:none

dbghelp: loaded successfully - version: 4.0.5 - missing functions: none
symbol engine: initialized successfully - sym options: 0x614 - pdb path: .;C:\Program Files\Android\Android Studio7\jbr\bin;C:\WINDOWS\SYSTEM32;C:\WINDOWS\WinSxS\amd64_microsoft.windows.common-controls_6595b64144ccf1df_6.0.26100.7922_none_3e089e1ee3342171;C:\Program Files\Android\Android Studio7\jbr\bin\server;C:\Users\saiku\.gradle\native\68d5fa5c4cc2d200863cafc0d521ce42e7d3e7ee720ec0a83991735586a16f82\windows-amd64;C:\Users\saiku\.gradle\native\e376f236ea51e6404a007f0833ffe2c6e607c4080706a723a18a27aeea778392\windows-amd64

VM Arguments:
jvm_args: --add-opens=java.base/java.util=ALL-UNNAMED --add-opens=java.base/java.lang=ALL-UNNAMED --add-opens=java.base/java.lang.invoke=ALL-UNNAMED --add-opens=java.prefs/java.util.prefs=ALL-UNNAMED --add-opens=java.base/java.nio.charset=ALL-UNNAMED --add-opens=java.base/java.net=ALL-UNNAMED --add-opens=java.base/java.util.concurrent.atomic=ALL-UNNAMED -Xmx2048m -Dfile.encoding=UTF-8 -Duser.country=IN -Duser.language=en -Duser.variant -javaagent:C:\Users\saiku\.gradle\wrapper\dists\gradle-8.2-bin\bbg7u40eoinfdyxsxr3z4i7ta\gradle-8.2\lib\agents\gradle-instrumentation-agent-8.2.jar 
java_command: org.gradle.launcher.daemon.bootstrap.GradleDaemon 8.2
java_class_path (initial): C:\Users\saiku\.gradle\wrapper\dists\gradle-8.2-bin\bbg7u40eoinfdyxsxr3z4i7ta\gradle-8.2\lib\gradle-launcher-8.2.jar
Launcher Type: SUN_STANDARD

[Global flags]
     intx CICompilerCount                          = 4                                         {product} {ergonomic}
     uint ConcGCThreads                            = 3                                         {product} {ergonomic}
     uint G1ConcRefinementThreads                  = 10                                        {product} {ergonomic}
   size_t G1HeapRegionSize                         = 1048576                                   {product} {ergonomic}
    uintx GCDrainStackTargetSize                   = 64                                        {product} {ergonomic}
   size_t InitialHeapSize                          = 264241152                                 {product} {ergonomic}
   size_t MarkStackSize                            = 4194304                                   {product} {ergonomic}
   size_t MaxHeapSize                              = 2147483648                                {product} {command line}
   size_t MaxNewSize                               = 1287651328                                {product} {ergonomic}
   size_t MinHeapDeltaBytes                        = 1048576                                   {product} {ergonomic}
   size_t MinHeapSize                              = 8388608                                   {product} {ergonomic}
    uintx NonNMethodCodeHeapSize                   = 5839372                                {pd product} {ergonomic}
    uintx NonProfiledCodeHeapSize                  = 122909434                              {pd product} {ergonomic}
    uintx ProfiledCodeHeapSize                     = 122909434                              {pd product} {ergonomic}
    uintx ReservedCodeCacheSize                    = 251658240                              {pd product} {ergonomic}
     bool SegmentedCodeCache                       = true                                      {product} {ergonomic}
   size_t SoftMaxHeapSize                          = 2147483648                             {manageable} {ergonomic}
     bool UseCompressedOops                        = true                           {product lp64_product} {ergonomic}
     bool UseG1GC                                  = true                                      {product} {ergonomic}
     bool UseLargePagesIndividualAllocation        = false                                  {pd product} {ergonomic}

Logging:
Log output configuration:
 #0: stdout all=warning uptime,level,tags foldmultilines=false
 #1: stderr all=off uptime,level,tags foldmultilines=false

Environment Variables:
JAVA_HOME=C:\Program Files\Eclipse Adoptium\jdk-17.0.15.6-hotspot
PATH=C:\Program Files\Common Files\Oracle\Java\javapath;C:\Program Files\Eclipse Adoptium\jdk-17.0.15.6-hotspot\bin;C:\Program Files (x86)\Falcon\MinGW\bin;C:\WINDOWS\system32;C:\WINDOWS;C:\WINDOWS\System32\Wbem;C:\WINDOWS\System32\WindowsPowerShell\v1.0\;C:\WINDOWS\System32\OpenSSH\;C:\Program Files (x86)\NVIDIA Corporation\PhysX\Common;C:\Program Files\NVIDIA Corporation\NVIDIA NvDLISR;C:\Program Files\Git\cmd;C:\Users\saiku\Downloads\ffmpeg-8.0.1-full_build.7z\ffmpeg-8.0.1-full_build\bin;C:\Program Files\cursor\resources\app\bin;C:\Program Files\nodejs\;C:\Program Files\Docker\Docker\resources\bin;C:\Users\saiku\.local\bin;C:\Users\saiku\AppData\Local\Microsoft\WindowsApps;C:\Users\saiku\AppData\Local\Programs\Microsoft VS Code\bin;C:\Program Files\Eclipse Adoptium\jdk-17.0.15.6-hotspot\bin;C:\Users\saiku\AppData\Local\Programs\Ollama;C:\Exercism;C:\Users\saiku\.lmstudio\bin;C:\Users\saiku\AppData\Local\Python\bin;C:\Program Files\WindowsApps\PythonSoftwareFoundation.PythonManager_25.0.240.0_x64__3847v3x7pw1km;C:\Program Files\WindowsApps\PythonSoftwareFoundation.PythonManager_25.0.240.0_x64__3847v3x7pw1km\Scripts;C:\Users\saiku\AppData\Local\Programs\Antigravity\bin;D:\Ios\flutter\bin;C:\Users\saiku\AppData\Roaming\npm
USERNAME=saiku
OS=Windows_NT
PROCESSOR_IDENTIFIER=Intel64 Family 6 Model 151 Stepping 2, GenuineIntel
TMP=C:\Users\saiku\AppData\Local\Temp
TEMP=C:\Users\saiku\AppData\Local\Temp




Periodic native trim disabled

JNI global refs:
JNI global refs: 29, weak refs: 0

JNI global refs memory usage: 835, weak refs: 833

Process memory usage:
Resident Set Size: 867528K (5% of 16478072K total physical memory with 804188K free physical memory)

OOME stack traces (most recent first):
Classloader memory used:
Loader org.gradle.internal.classloader.VisitableURLClassLoader$InstrumentingVisitableURLClassLoader: 57626K
Loader org.gradle.internal.classloader.VisitableURLClassLoader                         : 42131K
Loader bootstrap                                                                       : 31633K
Loader org.gradle.initialization.MixInLegacyTypesClassLoader                           : 10654K
Loader jdk.internal.reflect.DelegatingClassLoader                                      : 544K
Loader jdk.internal.loader.ClassLoaders$PlatformClassLoader                            : 527K
Loader jdk.internal.loader.ClassLoaders$AppClassLoader                                 : 227K
Loader org.gradle.groovy.scripts.internal.DefaultScriptCompilationHandler$ScriptClassLoader: 118K
Loader org.codehaus.groovy.runtime.callsite.CallSiteClassLoader                        : 27488B
Loader sun.reflect.misc.MethodUtil                                                     : 2984B

Classes loaded by more than one classloader:
Class Program                                                                         : loaded 5 times (x 72B)
Class com.google.common.base.PairwiseEquivalence                                      : loaded 2 times (x 83B)
Class com.google.common.base.Equivalence$Identity                                     : loaded 2 times (x 82B)
Class com.google.common.collect.RegularImmutableMap$KeySet                            : loaded 2 times (x 150B)
Class org.gradle.internal.classloader.FilteringClassLoader                            : loaded 2 times (x 105B)
Class com.google.common.cache.LocalCache$ValueIterator                                : loaded 2 times (x 86B)
Class [Lcom.google.common.collect.MapMakerInternalMap$Segment;                        : loaded 2 times (x 69B)
Class com.google.common.io.FileWriteMode                                              : loaded 2 times (x 79B)
Class [Lcom.google.common.base.AbstractIterator$State;                                : loaded 2 times (x 69B)
Class com.google.common.base.CharMatcher$IsEither                                     : loaded 2 times (x 111B)
Class org.gradle.internal.classloader.ClassLoaderHierarchy                            : loaded 2 times (x 70B)
Class [Lcom.google.common.cache.RemovalCause;                                         : loaded 2 times (x 69B)
Class com.google.common.collect.AbstractMapBasedMultimap$WrappedCollection            : loaded 2 times (x 124B)
Class com.google.common.collect.ImmutableEnumSet                                      : loaded 2 times (x 146B)
Class com.google.common.util.concurrent.ExecutionError                                : loaded 2 times (x 82B)
Class com.google.common.collect.ImmutableList$1                                       : loaded 2 times (x 97B)
Class org.gradle.api.internal.classpath.ManifestUtil                                  : loaded 2 times (x 71B)
Class com.google.common.io.ByteArrayDataOutput                                        : loaded 2 times (x 70B)
Class com.google.common.collect.RegularImmutableMap                                   : loaded 2 times (x 121B)
Class com.google.common.collect.ImmutableMap$MapViewOfValuesAsSingletonSets           : loaded 2 times (x 125B)
Class com.google.common.reflect.TypeCapture                                           : loaded 2 times (x 71B)
Class org.jetbrains.kotlin.config.ExplicitApiMode$Companion                           : loaded 2 times (x 71B)
Class com.google.common.cache.LocalCache$Values                                       : loaded 2 times (x 118B)
Class [Lorg.objectweb.asm.Symbol;                                                     : loaded 2 times (x 69B)
Class org.objectweb.asm.ClassVisitor                                                  : loaded 2 times (x 87B)
Class com.google.common.collect.UnmodifiableListIterator                              : loaded 2 times (x 95B)
Class com.google.common.collect.MapMakerInternalMap$Strength                          : loaded 2 times (x 80B)
Class org.objectweb.asm.MethodTooLargeException                                       : loaded 2 times (x 83B)
Class com.google.common.base.Platform$JdkPatternCompiler                              : loaded 2 times (x 75B)
Class [Lcom.google.common.cache.CacheBuilder$OneWeigher;                              : loaded 2 times (x 69B)
Class com.google.common.base.Suppliers                                                : loaded 2 times (x 71B)
Class org.gradle.internal.classloader.DefaultClassLoaderFactory                       : loaded 2 times (x 82B)
Class [Lcom.google.common.collect.AbstractIterator$State;                             : loaded 2 times (x 69B)
Class com.google.common.io.ByteSource$ConcatenatedByteSource                          : loaded 2 times (x 85B)
Class org.jetbrains.kotlin.config.LanguageVersionSettings                             : loaded 2 times (x 70B)
Class com.google.common.base.CharMatcher$None                                         : loaded 2 times (x 112B)
Class org.gradle.internal.classloader.ClassLoaderVisitor                              : loaded 2 times (x 76B)
Class [Lcom.google.common.collect.ImmutableMapEntry;                                  : loaded 2 times (x 69B)
Class org.gradle.api.internal.classpath.EffectiveClassPath                            : loaded 2 times (x 90B)
Class com.google.common.collect.ImmutableRangeSet                                     : loaded 2 times (x 115B)
Class com.google.common.collect.AbstractIterator$1                                    : loaded 2 times (x 71B)
Class [Lorg.jetbrains.kotlin.config.LanguageOrApiVersion;                             : loaded 2 times (x 69B)
Class com.google.common.collect.ImmutableEnumMap                                      : loaded 2 times (x 125B)
Class com.google.common.collect.ListMultimap                                          : loaded 2 times (x 70B)
Class com.google.common.collect.Iterators$EmptyModifiableIterator                     : loaded 2 times (x 86B)
Class com.google.common.collect.Sets$1                                                : loaded 2 times (x 139B)
Class org.objectweb.asm.AnnotationVisitor                                             : loaded 2 times (x 77B)
Class com.google.common.base.Splitter                                                 : loaded 2 times (x 72B)
Class org.gradle.api.internal.DefaultClassPathProvider                                : loaded 2 times (x 76B)
Class [Lcom.google.common.base.Function;                                              : loaded 2 times (x 69B)
Class com.google.common.collect.MapMakerInternalMap$Strength$1                        : loaded 2 times (x 80B)
Class com.google.common.io.CharSource$ConcatenatedCharSource                          : loaded 2 times (x 86B)
Class com.google.common.collect.Maps$ViewCachingAbstractMap                           : loaded 2 times (x 125B)
Class com.google.common.collect.Sets$2                                                : loaded 2 times (x 139B)
Class [Lorg.gradle.api.internal.ClassPathProvider;                                    : loaded 2 times (x 69B)
Class org.gradle.api.internal.ClassPathProvider                                       : loaded 2 times (x 70B)
Class com.google.common.reflect.Types$ClassOwnership$1                                : loaded 2 times (x 80B)
Class [Lorg.objectweb.asm.AnnotationVisitor;                                          : loaded 2 times (x 69B)
Class com.google.common.collect.MapMakerInternalMap$Strength$2                        : loaded 2 times (x 80B)
Class org.jetbrains.kotlin.config.LanguageVersion$Companion                           : loaded 2 times (x 71B)
Class com.google.common.collect.Sets$3                                                : loaded 2 times (x 139B)
Class com.google.common.util.concurrent.AbstractFuture$SafeAtomicHelper               : loaded 2 times (x 79B)
Class com.google.common.cache.LocalCache$LocalLoadingCache                            : loaded 2 times (x 134B)
Class com.google.common.base.AbstractIterator$State                                   : loaded 2 times (x 79B)
Class org.gradle.internal.service.UnknownServiceException                             : loaded 2 times (x 83B)
Class com.google.common.reflect.Types$ClassOwnership$2                                : loaded 2 times (x 80B)
Class com.google.common.reflect.TypeResolver                                          : loaded 2 times (x 72B)
Class com.google.common.io.ByteArrayDataInput                                         : loaded 2 times (x 70B)
Class org.jetbrains.kotlin.config.JvmDefaultMode                                      : loaded 2 times (x 79B)
Class com.google.common.collect.MapMakerInternalMap$StrongValueEntry                  : loaded 2 times (x 70B)
Class com.google.common.collect.Sets$4                                                : loaded 2 times (x 139B)
Class org.objectweb.asm.ModuleVisitor                                                 : loaded 2 times (x 80B)
Class com.google.common.cache.LocalCache$Strength$1                                   : loaded 2 times (x 81B)
Class com.google.common.reflect.Types$ClassOwnership$3                                : loaded 2 times (x 71B)
Class com.google.common.collect.Collections2$FilteredCollection                       : loaded 2 times (x 119B)
Class com.google.common.util.concurrent.SettableFuture                                : loaded 2 times (x 114B)
Class com.google.common.cache.LocalCache$Strength$2                                   : loaded 2 times (x 81B)
Class ijKotlinCoroutineJvmDebugInit1_byoq0cmdk8nl84n2kdnctl9fo$_run_closure1          : loaded 2 times (x 136B)
Class [Lcom.google.common.collect.Maps$EntryFunction;                                 : loaded 2 times (x 69B)
Class com.google.common.collect.TransformedIterator                                   : loaded 2 times (x 80B)
Class com.google.common.io.ByteStreams                                                : loaded 2 times (x 71B)
Class com.google.common.collect.Interners$InternerImpl                                : loaded 2 times (x 75B)
Class com.google.common.collect.Interner                                              : loaded 2 times (x 70B)
Class com.google.common.cache.LocalCache$Strength$3                                   : loaded 2 times (x 81B)
Class com.google.common.collect.MapDifference                                         : loaded 2 times (x 70B)
Class com.google.common.base.Splitter$1                                               : loaded 2 times (x 77B)
Class com.google.common.reflect.Invokable                                             : loaded 2 times (x 103B)
Class com.google.common.collect.MapMaker$Dummy                                        : loaded 2 times (x 79B)
Class org.objectweb.asm.FieldWriter                                                   : loaded 2 times (x 77B)
Class com.google.common.cache.CacheBuilder$NullListener                               : loaded 2 times (x 82B)
Class org.gradle.internal.classpath.TransformedClassPath                              : loaded 2 times (x 96B)
Class com.google.common.reflect.Types$ParameterizedTypeImpl                           : loaded 2 times (x 81B)
Class com.google.common.collect.Maps$IteratorBasedAbstractMap$1                       : loaded 2 times (x 138B)
Class com.google.common.collect.ImmutableRangeSet$AsSet                               : loaded 2 times (x 299B)
Class com.google.common.collect.ImmutableListMultimap                                 : loaded 2 times (x 176B)
Class com.google.common.cache.CacheLoader$FunctionToCacheLoader                       : loaded 2 times (x 75B)
Class com.google.common.collect.Iterators$ArrayItr                                    : loaded 2 times (x 97B)
Class com.google.common.collect.ImmutableCollection$Builder                           : loaded 2 times (x 76B)
Class com.google.common.reflect.TypeResolver$TypeVariableKey                          : loaded 2 times (x 72B)
Class org.jetbrains.kotlin.config.LanguageFeature                                     : loaded 2 times (x 80B)
Class com.google.common.collect.EmptyImmutableListMultimap                            : loaded 2 times (x 176B)
Class com.google.common.collect.BaseImmutableMultimap                                 : loaded 2 times (x 123B)
Class com.google.common.base.Joiner                                                   : loaded 2 times (x 79B)
Class com.google.common.base.MoreObjects                                              : loaded 2 times (x 71B)
Class org.jetbrains.kotlin.config.LanguageOrApiVersion                                : loaded 2 times (x 70B)
Class [Lorg.objectweb.asm.Type;                                                       : loaded 2 times (x 69B)
Class com.google.common.collect.Platform                                              : loaded 2 times (x 71B)
Class com.google.common.collect.UnmodifiableIterator                                  : loaded 2 times (x 80B)
Class org.gradle.internal.service.ServiceLocator                                      : loaded 2 times (x 70B)
Class com.google.common.base.Ascii                                                    : loaded 2 times (x 71B)
Class com.google.common.collect.SingletonImmutableBiMap                               : loaded 2 times (x 143B)
Class com.google.common.cache.LocalCache$1                                            : loaded 2 times (x 89B)
Class com.google.common.collect.AbstractMapEntry                                      : loaded 2 times (x 81B)
Class com.google.common.reflect.TypeToken$SimpleTypeToken                             : loaded 2 times (x 73B)
Class com.google.common.collect.MapMakerInternalMap$AbstractStrongKeyEntry            : loaded 2 times (x 82B)
Class com.google.common.io.CharSource$StringCharSource                                : loaded 2 times (x 86B)
Class com.google.common.io.ByteSource$ByteArrayByteSource                             : loaded 2 times (x 85B)
Class com.google.common.collect.Sets$ImprovedAbstractSet                              : loaded 2 times (x 135B)
Class com.google.common.collect.ImmutableList$Builder                                 : loaded 2 times (x 77B)
Class com.google.common.cache.LocalCache$2                                            : loaded 2 times (x 142B)
Class com.google.common.collect.AbstractMultimap                                      : loaded 2 times (x 123B)
Class com.google.common.collect.ImmutableRangeSet$1                                   : loaded 2 times (x 209B)
Class org.jetbrains.kotlin.config.MavenComparableVersion$IntegerItem                  : loaded 2 times (x 80B)
Class com.google.common.util.concurrent.AbstractFuture$UnsafeAtomicHelper$1           : loaded 2 times (x 76B)
Class com.google.common.collect.RegularImmutableAsList                                : loaded 2 times (x 216B)
Class com.google.common.collect.Range                                                 : loaded 2 times (x 87B)
Class com.google.common.base.Optional                                                 : loaded 2 times (x 80B)
Class com.google.common.util.concurrent.AbstractFuture$Trusted                        : loaded 2 times (x 70B)
Class com.google.common.collect.Iterators                                             : loaded 2 times (x 71B)
Class com.google.common.base.CharMatcher$RangesMatcher                                : loaded 2 times (x 112B)
Class com.google.common.io.ByteSink$AsCharSink                                        : loaded 2 times (x 80B)
Class com.google.common.util.concurrent.UncheckedExecutionException                   : loaded 2 times (x 82B)
Class com.google.common.collect.Lists$StringAsImmutableList                           : loaded 2 times (x 207B)
Class com.google.common.collect.ImmutableSortedSetFauxverideShim                      : loaded 2 times (x 147B)
Class org.jetbrains.kotlin.config.MavenComparableVersion                              : loaded 2 times (x 78B)
Class com.google.common.base.CharMatcher$JavaLetterOrDigit                            : loaded 2 times (x 111B)
Class org.gradle.internal.InternalTransformer                                         : loaded 2 times (x 70B)
Class com.google.common.collect.AbstractMapBasedMultimap$KeySet$1                     : loaded 2 times (x 82B)
Class org.objectweb.asm.ClassWriter                                                   : loaded 2 times (x 104B)
Class com.google.common.cache.CacheLoader$UnsupportedLoadingOperationException        : loaded 2 times (x 82B)
Class com.google.common.base.CharMatcher$And                                          : loaded 2 times (x 112B)
Class org.gradle.internal.classloader.ClasspathUtil$1                                 : loaded 2 times (x 76B)
Class com.google.common.collect.FluentIterable$1                                      : loaded 2 times (x 81B)
Class com.google.common.base.Objects                                                  : loaded 2 times (x 71B)
Class org.objectweb.asm.FieldVisitor                                                  : loaded 2 times (x 76B)
Class com.google.common.collect.IndexedImmutableSet                                   : loaded 2 times (x 150B)
Class com.google.common.collect.ImmutableMap$1                                        : loaded 2 times (x 81B)
Class com.google.common.collect.BiMap                                                 : loaded 2 times (x 70B)
Class org.gradle.api.internal.classpath.DefaultModuleRegistry$DefaultModule           : loaded 2 times (x 86B)
Class com.google.common.reflect.Reflection                                            : loaded 2 times (x 71B)
Class com.google.common.base.Absent                                                   : loaded 2 times (x 80B)
Class com.google.common.collect.FluentIterable$2                                      : loaded 2 times (x 81B)
Class com.google.common.primitives.Ints                                               : loaded 2 times (x 71B)
Class com.google.common.collect.AbstractIterator                                      : loaded 2 times (x 82B)
Class com.google.common.collect.FluentIterable$3                                      : loaded 2 times (x 81B)
Class com.google.common.math.MathPreconditions                                        : loaded 2 times (x 71B)
Class com.google.common.collect.Multiset                                              : loaded 2 times (x 70B)
Class com.google.common.collect.ArrayListMultimapGwtSerializationDependencies         : loaded 2 times (x 172B)
Class com.google.common.collect.ObjectArrays                                          : loaded 2 times (x 71B)
Class com.google.common.collect.AbstractIndexedListIterator                           : loaded 2 times (x 96B)
Class com.google.common.collect.ImmutableMapEntrySet                                  : loaded 2 times (x 151B)
Class org.gradle.api.internal.classpath.Module                                        : loaded 2 times (x 70B)
Class com.google.common.cache.Weigher                                                 : loaded 2 times (x 70B)
Class org.gradle.api.internal.classpath.UnknownModuleException                        : loaded 2 times (x 82B)
Class org.gradle.cache.GlobalCache                                                    : loaded 2 times (x 70B)
Class org.jetbrains.kotlin.config.ApiVersion                                          : loaded 2 times (x 86B)
Class com.google.common.base.Stopwatch                                                : loaded 2 times (x 72B)
Class com.google.common.cache.LocalCache$Strength                                     : loaded 2 times (x 81B)
Class com.google.common.cache.Cache                                                   : loaded 2 times (x 70B)
Class com.google.common.io.AppendableWriter                                           : loaded 2 times (x 100B)
Class com.google.common.io.Files$2                                                    : loaded 2 times (x 76B)
Class com.google.common.util.concurrent.AbstractFuture$Cancellation                   : loaded 2 times (x 72B)
Class com.google.common.collect.ImmutableMap$Builder                                  : loaded 2 times (x 82B)
Class com.google.common.base.NullnessCasts                                            : loaded 2 times (x 71B)
Class com.google.common.collect.Maps$EntryFunction$1                                  : loaded 2 times (x 91B)
Class com.google.common.base.Present                                                  : loaded 2 times (x 81B)
Class com.google.common.cache.RemovalListener                                         : loaded 2 times (x 70B)
Class ijJvmDebugger1_azkdnuv88jeuqymuoxqb456w5                                        : loaded 2 times (x 179B)
Class org.gradle.api.internal.DefaultClassPathRegistry                                : loaded 2 times (x 76B)
Class com.google.common.reflect.Invokable$ConstructorInvokable                        : loaded 2 times (x 107B)
Class com.google.common.collect.Maps$EntryFunction$2                                  : loaded 2 times (x 91B)
Class [Lorg.jetbrains.kotlin.config.JvmDefaultMode;                                   : loaded 2 times (x 69B)
Class com.google.common.collect.ImmutableMultimap$Keys                                : loaded 2 times (x 166B)
Class com.google.common.primitives.IntsMethodsForWeb                                  : loaded 2 times (x 71B)
Class com.google.common.collect.Multimap                                              : loaded 2 times (x 70B)
Class org.gradle.api.internal.ClassPathRegistry                                       : loaded 2 times (x 70B)
Class org.gradle.internal.classpath.DefaultClassPath$ImmutableUniqueList              : loaded 2 times (x 199B)
Class com.google.common.reflect.TypeToken                                             : loaded 2 times (x 73B)
Class com.google.common.collect.NullnessCasts                                         : loaded 2 times (x 71B)
Class com.google.common.collect.MapMakerInternalMap$Segment                           : loaded 2 times (x 142B)
Class com.google.common.base.ExtraObjectsMethodsForWeb                                : loaded 2 times (x 71B)
Class com.google.common.io.LineReader                                                 : loaded 2 times (x 72B)
Class com.google.common.cache.RemovalCause                                            : loaded 2 times (x 80B)
Class org.jetbrains.kotlin.config.JvmDefaultMode$Companion                            : loaded 2 times (x 71B)
Class com.google.common.io.ByteSink                                                   : loaded 2 times (x 76B)
Class com.google.common.cache.CacheBuilder                                            : loaded 2 times (x 72B)
Class com.google.common.collect.SingletonImmutableList                                : loaded 2 times (x 207B)
Class Settings_gradle$1                                                               : loaded 2 times (x 74B)
Class org.gradle.internal.classpath.ClassPath                                         : loaded 2 times (x 70B)
Class org.gradle.api.UncheckedIOException                                             : loaded 2 times (x 82B)
Class [Lcom.google.common.reflect.Types$JavaVersion;                                  : loaded 2 times (x 69B)
Class com.google.common.collect.Interners$InternerBuilder                             : loaded 2 times (x 76B)
Class com.google.common.io.Files$FileByteSource                                       : loaded 2 times (x 85B)
Class com.google.common.collect.ImmutableList$ReverseImmutableList                    : loaded 2 times (x 208B)
Class com.google.common.base.JdkPattern                                               : loaded 2 times (x 75B)
Class com.google.common.io.CharStreams$NullWriter                                     : loaded 2 times (x 99B)
Class com.google.common.io.CharSource$CharSequenceCharSource                          : loaded 2 times (x 86B)
Class org.objectweb.asm.SymbolTable$Entry                                             : loaded 2 times (x 74B)
Class com.google.common.util.concurrent.AbstractFuture$AtomicHelper                   : loaded 2 times (x 78B)
Class org.objectweb.asm.Edge                                                          : loaded 2 times (x 72B)
Class com.google.common.base.Suppliers$SupplierOfInstance                             : loaded 2 times (x 79B)
Class com.google.common.collect.Iterators$1                                           : loaded 2 times (x 81B)
Class com.google.common.reflect.TypeToken$1                                           : loaded 2 times (x 110B)
Class com.google.common.cache.LocalCache$ComputingValueReference                      : loaded 2 times (x 96B)
Class com.google.common.collect.SingletonImmutableSet                                 : loaded 2 times (x 146B)
Class com.google.common.collect.ImmutableMap$IteratorBasedImmutableMap                : loaded 2 times (x 125B)
Class com.google.common.reflect.TypeToken$2                                           : loaded 2 times (x 110B)
Class com.google.common.cache.LocalCache$Segment                                      : loaded 2 times (x 154B)
Class com.google.common.collect.SortedIterable                                        : loaded 2 times (x 70B)
Class org.jetbrains.kotlin.utils.DescriptionAware                                     : loaded 2 times (x 70B)
Class [Lorg.objectweb.asm.SymbolTable$Entry;                                          : loaded 2 times (x 69B)
Class com.google.common.cache.CacheLoader                                             : loaded 2 times (x 74B)
Class com.google.common.collect.Iterators$4                                           : loaded 2 times (x 82B)
Class com.google.common.collect.ImmutableBiMap                                        : loaded 2 times (x 143B)
Class com.google.common.collect.AbstractListMultimap                                  : loaded 2 times (x 172B)
Class org.gradle.internal.installation.GradleInstallation$1                           : loaded 2 times (x 75B)
Class org.gradle.api.internal.classpath.ModuleRegistry                                : loaded 2 times (x 70B)
Class com.google.common.util.concurrent.internal.InternalFutureFailureAccess          : loaded 2 times (x 72B)
Class com.google.common.collect.Iterators$5                                           : loaded 2 times (x 82B)
Class com.google.common.collect.ImmutableSet$JdkBackedSetBuilderImpl                  : loaded 2 times (x 76B)
Class com.google.common.base.Splitter$SplittingIterator                               : loaded 2 times (x 84B)
Class com.google.common.collect.Iterators$6                                           : loaded 2 times (x 81B)
Class com.google.common.collect.ImmutableMultimap$Values                              : loaded 2 times (x 126B)
Class com.google.common.io.Closer$SuppressingSuppressor                               : loaded 2 times (x 75B)
Class com.google.common.util.concurrent.AbstractFuture$UnsafeAtomicHelper             : loaded 2 times (x 78B)
Class com.google.common.cache.LocalCache$LocalManualCache$1                           : loaded 2 times (x 75B)
Class com.google.common.base.CharMatcher$ForPredicate                                 : loaded 2 times (x 112B)
Class org.jetbrains.kotlin.config.AnalysisFlag                                        : loaded 2 times (x 72B)
Class com.google.common.collect.ImmutableCollection                                   : loaded 2 times (x 125B)
Class com.google.common.base.CharMatcher$AnyOf                                        : loaded 2 times (x 112B)
Class org.gradle.api.internal.classpath.DefaultModuleRegistry                         : loaded 2 times (x 86B)
Class com.google.common.util.concurrent.ListenableFuture                              : loaded 2 times (x 70B)
Class com.google.common.cache.ReferenceEntry                                          : loaded 2 times (x 70B)
Class com.google.common.collect.ImmutableSet$CachingAsList                            : loaded 2 times (x 147B)
Class com.google.common.base.Converter                                                : loaded 2 times (x 90B)
Class com.google.common.collect.Lists                                                 : loaded 2 times (x 71B)
Class com.google.common.base.CharMatcher$Any                                          : loaded 2 times (x 112B)
Class com.google.common.util.concurrent.AbstractFuture                                : loaded 2 times (x 106B)
Class com.google.common.base.FunctionalEquivalence                                    : loaded 2 times (x 83B)
Class com.google.common.collect.Iterators$9                                           : loaded 2 times (x 81B)
Class com.google.common.collect.AbstractMapBasedMultimap                              : loaded 2 times (x 139B)
Class com.google.common.collect.ImmutableAsList                                       : loaded 2 times (x 209B)
Class com.google.common.reflect.TypeResolver$TypeTable                                : loaded 2 times (x 73B)
Class org.jetbrains.kotlin.config.ExplicitApiMode                                     : loaded 2 times (x 79B)
Class com.google.common.collect.ImmutableMultiset                                     : loaded 2 times (x 163B)
Class com.google.common.io.CharStreams                                                : loaded 2 times (x 71B)
Class org.objectweb.asm.RecordComponentVisitor                                        : loaded 2 times (x 77B)
Class com.google.common.cache.CacheLoader$SupplierToCacheLoader                       : loaded 2 times (x 75B)
Class com.google.common.reflect.TypeResolver$TypeTable$1                              : loaded 2 times (x 73B)
Class [Lorg.jetbrains.kotlin.config.LanguageVersion;                                  : loaded 2 times (x 69B)
Class com.google.common.collect.Maps$EntryTransformer                                 : loaded 2 times (x 70B)
Class org.gradle.internal.service.ServiceLookupException                              : loaded 2 times (x 82B)
Class com.google.common.collect.ImmutableSortedSet                                    : loaded 2 times (x 299B)
Class [Lcom.google.common.cache.LocalCache$EntryFactory;                              : loaded 2 times (x 69B)
Class com.google.common.base.CharMatcher$JavaLetter                                   : loaded 2 times (x 111B)
Class org.gradle.internal.classloader.ClassLoaderFactory                              : loaded 2 times (x 70B)
Class com.google.common.cache.LocalCache$LocalManualCache                             : loaded 2 times (x 99B)
Class com.google.common.base.CharMatcher$IsNot                                        : loaded 2 times (x 111B)
Class com.google.common.base.CommonPattern                                            : loaded 2 times (x 74B)
Class org.gradle.internal.service.CachingServiceLocator                               : loaded 2 times (x 82B)
Class com.google.common.collect.RegularImmutableSortedSet                             : loaded 2 times (x 299B)
Class com.google.common.collect.AbstractMapBasedMultimap$KeySet                       : loaded 2 times (x 137B)
Class com.google.common.math.IntMath                                                  : loaded 2 times (x 71B)
Class com.google.common.reflect.Types$TypeVariableInvocationHandler                   : loaded 2 times (x 75B)
Class com.google.common.collect.MapMakerInternalMap$InternalEntry                     : loaded 2 times (x 70B)
Class com.google.common.collect.Iterators$10                                          : loaded 2 times (x 81B)
Class com.google.common.collect.ImmutableMapEntry                                     : loaded 2 times (x 85B)
Class com.google.common.base.CharMatcher$JavaDigit                                    : loaded 2 times (x 111B)
Class com.google.common.base.Predicates                                               : loaded 2 times (x 71B)
Class com.google.common.collect.ImmutableMultimap                                     : loaded 2 times (x 147B)
Class com.google.common.base.Equivalence                                              : loaded 2 times (x 82B)
Class com.google.common.collect.ImmutableMapEntry$NonTerminalImmutableMapEntry        : loaded 2 times (x 85B)
Class com.google.common.base.Function                                                 : loaded 2 times (x 70B)
Class com.google.common.collect.IndexedImmutableSet$1                                 : loaded 2 times (x 212B)
Class com.google.common.cache.CacheBuilder$OneWeigher                                 : loaded 2 times (x 82B)
Class com.google.common.collect.RegularImmutableList                                  : loaded 2 times (x 212B)
Class com.google.common.reflect.Types$ClassOwnership$1LocalClass                      : loaded 2 times (x 71B)
Class com.google.common.collect.Maps$EntryFunction                                    : loaded 2 times (x 91B)
Class com.google.common.collect.ImmutableBiMapFauxverideShim                          : loaded 2 times (x 120B)
Class ijKotlinCoroutineJvmDebugInit1_byoq0cmdk8nl84n2kdnctl9fo                        : loaded 2 times (x 179B)
Class org.gradle.internal.classloader.ClasspathUtil                                   : loaded 2 times (x 71B)
Class com.google.common.base.Charsets                                                 : loaded 2 times (x 71B)
Class com.google.common.util.concurrent.Uninterruptibles                              : loaded 2 times (x 71B)
Class com.google.common.io.CharSource                                                 : loaded 2 times (x 85B)
Class com.google.common.collect.Maps                                                  : loaded 2 times (x 71B)
Class com.google.common.base.CharMatcher$JavaUpperCase                                : loaded 2 times (x 111B)
Class org.gradle.api.specs.Spec                                                       : loaded 2 times (x 70B)
Class com.google.common.reflect.Types$JavaVersion                                     : loaded 2 times (x 83B)
Class com.google.common.collect.MapMaker                                              : loaded 2 times (x 72B)
Class [Lcom.google.common.collect.ImmutableEntry;                                     : loaded 2 times (x 69B)
Class com.google.common.cache.LocalCache$LoadingValueReference                        : loaded 2 times (x 96B)
Class com.google.common.reflect.Invokable$MethodInvokable                             : loaded 2 times (x 107B)
Class com.google.common.io.LineReader$1                                               : loaded 2 times (x 75B)
Class com.google.common.collect.CollectSpliterators                                   : loaded 2 times (x 71B)
Class com.google.common.collect.AbstractMapBasedMultimap$AsMap                        : loaded 2 times (x 128B)
Class com.google.common.base.Platform                                                 : loaded 2 times (x 71B)
Class [Lorg.objectweb.asm.AnnotationWriter;                                           : loaded 2 times (x 69B)
Class com.google.common.collect.AbstractMapBasedMultimap$WrappedList                  : loaded 2 times (x 205B)
Class com.google.common.primitives.Ints$IntConverter                                  : loaded 2 times (x 90B)
Class com.google.common.collect.Maps$8                                                : loaded 2 times (x 82B)
Class com.google.common.base.Predicates$CompositionPredicate                          : loaded 2 times (x 88B)
Class [Lcom.google.common.collect.Iterators$EmptyModifiableIterator;                  : loaded 2 times (x 69B)
Class com.google.common.collect.ImmutableRangeSet$Builder                             : loaded 2 times (x 77B)
Class com.google.common.collect.Sets$SetView                                          : loaded 2 times (x 138B)
Class com.google.common.cache.LocalCache$StrongValueReference                         : loaded 2 times (x 90B)
Class com.google.common.util.concurrent.AbstractFuture$SynchronizedHelper             : loaded 2 times (x 78B)
Class com.google.common.base.CharMatcher$Invisible                                    : loaded 2 times (x 112B)
Class com.google.common.graph.SuccessorsFunction                                      : loaded 2 times (x 70B)
Class org.objectweb.asm.Type                                                          : loaded 2 times (x 72B)
Class org.gradle.internal.classloader.VisitableURLClassLoader$InstrumentingVisitableURLClassLoader: loaded 2 times (x 123B)
Class com.google.common.collect.MapMakerInternalMap$StrongKeyDummyValueEntry$Helper   : loaded 2 times (x 79B)
Class com.google.common.io.Files$FileByteSink                                         : loaded 2 times (x 77B)
Class org.objectweb.asm.ByteVector                                                    : loaded 2 times (x 78B)
Class [Lcom.google.common.cache.CacheBuilder$NullListener;                            : loaded 2 times (x 69B)
Class com.google.common.math.IntMath$1                                                : loaded 2 times (x 71B)
Class org.gradle.internal.classloader.VisitableURLClassLoader$Spec                    : loaded 2 times (x 74B)
Class org.gradle.internal.classpath.DefaultClassPath                                  : loaded 2 times (x 90B)
Class com.google.common.reflect.Types$ClassOwnership                                  : loaded 2 times (x 80B)
Class org.objectweb.asm.Symbol                                                        : loaded 2 times (x 73B)
Class com.google.common.base.AbstractIterator                                         : loaded 2 times (x 80B)
Class com.google.common.collect.Sets$FilteredSet                                      : loaded 2 times (x 137B)
Class com.google.common.io.Java8Compatibility                                         : loaded 2 times (x 71B)
Class com.google.common.io.Closer                                                     : loaded 2 times (x 78B)
Class org.jetbrains.kotlin.config.ApiVersion$Companion                                : loaded 2 times (x 71B)
Class com.google.common.collect.ImmutableSet                                          : loaded 2 times (x 145B)
Class com.google.common.collect.RegularImmutableMap$Values                            : loaded 2 times (x 207B)
Class com.google.common.base.CharMatcher$BitSetMatcher                                : loaded 2 times (x 112B)
Class com.google.common.base.CharMatcher$Ascii                                        : loaded 2 times (x 112B)
Class org.gradle.internal.classloader.ClassLoaderSpec                                 : loaded 2 times (x 71B)
Class com.google.common.io.ByteSource$EmptyByteSource                                 : loaded 2 times (x 85B)
Class org.objectweb.asm.AnnotationWriter                                              : loaded 2 times (x 78B)
Class com.google.common.cache.CacheStats                                              : loaded 2 times (x 71B)
Class ijJvmDebugger1_azkdnuv88jeuqymuoxqb456w5$_run_closure1$_closure2                : loaded 2 times (x 136B)
Class com.google.common.collect.Interners                                             : loaded 2 times (x 71B)
Class com.google.common.collect.ImmutableMultisetGwtSerializationDependencies         : loaded 2 times (x 125B)
Class com.google.common.io.Closer$Suppressor                                          : loaded 2 times (x 70B)
Class com.google.common.io.LineProcessor                                              : loaded 2 times (x 70B)
Class org.jetbrains.kotlin.config.MavenComparableVersion$ListItem                     : loaded 2 times (x 218B)
Class org.objectweb.asm.RecordComponentWriter                                         : loaded 2 times (x 78B)
Class com.google.common.util.concurrent.AbstractFuture$Listener                       : loaded 2 times (x 72B)
Class com.google.common.base.CharMatcher$Or                                           : loaded 2 times (x 112B)
Class Settings_gradle$1$1                                                             : loaded 2 times (x 74B)
Class [Lorg.jetbrains.kotlin.utils.DescriptionAware;                                  : loaded 2 times (x 69B)
Class org.objectweb.asm.Attribute                                                     : loaded 2 times (x 77B)
Class com.google.common.base.Supplier                                                 : loaded 2 times (x 70B)
Class org.gradle.internal.classloader.VisitableURLClassLoader                         : loaded 2 times (x 117B)
Class com.google.common.collect.ImmutableList$SerializedForm                          : loaded 2 times (x 73B)
Class com.google.common.io.CharSource$AsByteSource                                    : loaded 2 times (x 85B)
Class com.google.common.util.concurrent.AbstractFuture$Waiter                         : loaded 2 times (x 72B)
Class Settings_gradle                                                                 : loaded 2 times (x 128B)
Class org.gradle.internal.Cast                                                        : loaded 2 times (x 71B)
Class org.gradle.api.Action                                                           : loaded 2 times (x 70B)
Class com.google.common.collect.MapMakerInternalMap                                   : loaded 2 times (x 161B)
Class com.google.common.collect.Sets                                                  : loaded 2 times (x 71B)
Class org.objectweb.asm.Handler                                                       : loaded 2 times (x 72B)
Class com.google.common.base.Strings                                                  : loaded 2 times (x 71B)
Class com.google.common.base.Ticker                                                   : loaded 2 times (x 72B)
Class com.google.common.base.CharMatcher$FastMatcher                                  : loaded 2 times (x 111B)
Class org.gradle.internal.agents.InstrumentingClassLoader                             : loaded 2 times (x 70B)
Class com.google.common.cache.RemovalCause$1                                          : loaded 2 times (x 80B)
Class [Lcom.google.common.cache.LocalCache$Segment;                                   : loaded 2 times (x 69B)
Class [Lcom.google.common.cache.LocalCache$Strength;                                  : loaded 2 times (x 69B)
Class com.google.common.cache.CacheBuilder$1                                          : loaded 2 times (x 85B)
Class com.google.common.collect.ImmutableMap                                          : loaded 2 times (x 120B)
Class com.google.common.base.Predicate                                                : loaded 2 times (x 70B)
Class org.gradle.internal.classpath.DefaultClassPath$ImmutableUniqueList$Builder      : loaded 2 times (x 75B)
Class com.google.common.cache.RemovalCause$2                                          : loaded 2 times (x 80B)
Class com.google.common.collect.AbstractRangeSet                                      : loaded 2 times (x 114B)
Class com.google.common.collect.MapMakerInternalMap$WeakValueReference                : loaded 2 times (x 70B)
Class com.google.common.cache.LocalCache                                              : loaded 2 times (x 187B)
Class com.google.common.cache.CacheBuilder$2                                          : loaded 2 times (x 79B)
Class com.google.common.base.CharMatcher$NegatedFastMatcher                           : loaded 2 times (x 113B)
Class com.google.common.cache.RemovalCause$3                                          : loaded 2 times (x 80B)
Class org.jetbrains.kotlin.config.LanguageVersion                                     : loaded 2 times (x 91B)
Class com.google.common.cache.CacheBuilder$3                                          : loaded 2 times (x 72B)
Class [Lcom.google.common.collect.AbstractMapEntry;                                   : loaded 2 times (x 69B)
Class com.google.common.collect.ImmutableEntry                                        : loaded 2 times (x 82B)
Class com.google.common.collect.ArrayListMultimap                                     : loaded 2 times (x 172B)
Class com.google.common.base.AbstractIterator$1                                       : loaded 2 times (x 71B)
Class com.google.common.base.CharMatcher$Digit                                        : loaded 2 times (x 112B)
Class org.gradle.api.GradleException                                                  : loaded 2 times (x 82B)
Class com.google.common.cache.RemovalCause$4                                          : loaded 2 times (x 80B)
Class com.google.common.io.CharSource$EmptyCharSource                                 : loaded 2 times (x 86B)
Class com.google.common.base.Suppliers$MemoizingSupplier                              : loaded 2 times (x 79B)
Class com.google.common.collect.ForwardingMap                                         : loaded 2 times (x 132B)
Class com.google.common.collect.CollectPreconditions                                  : loaded 2 times (x 71B)
Class com.google.common.base.CharMatcher$JavaIsoControl                               : loaded 2 times (x 112B)
Class com.google.common.cache.RemovalCause$5                                          : loaded 2 times (x 80B)
Class com.google.common.collect.Maps$AbstractFilteredMap                              : loaded 2 times (x 127B)
Class [Lcom.google.common.collect.MapMakerInternalMap$Strength;                       : loaded 2 times (x 69B)
Class [Lcom.google.common.io.FileWriteMode;                                           : loaded 2 times (x 69B)
Class com.google.common.collect.SortedMapDifference                                   : loaded 2 times (x 70B)
Class com.google.common.base.CharMatcher$JavaLowerCase                                : loaded 2 times (x 111B)
Class com.google.common.collect.MapMakerInternalMap$StrongKeyDummyValueSegment        : loaded 2 times (x 142B)
Class com.google.common.collect.Iterables$4                                           : loaded 2 times (x 81B)
Class com.google.common.io.Files                                                      : loaded 2 times (x 71B)
Class com.google.common.cache.LocalCache$WriteThroughEntry                            : loaded 2 times (x 79B)
Class com.google.common.cache.LocalCache$HashIterator                                 : loaded 2 times (x 86B)
Class com.google.common.cache.LocalCache$EntryFactory                                 : loaded 2 times (x 83B)
Class com.google.common.reflect.Types$NativeTypeVariableEquals                        : loaded 2 times (x 71B)
Class com.google.common.reflect.TypeParameter                                         : loaded 2 times (x 72B)
Class com.google.common.collect.Iterables$5                                           : loaded 2 times (x 81B)
Class [Lcom.google.common.collect.MapMaker$Dummy;                                     : loaded 2 times (x 69B)
Class com.google.common.cache.LocalCache$AbstractReferenceEntry                       : loaded 2 times (x 107B)
Class com.google.common.base.Splitter$1$1                                             : loaded 2 times (x 86B)
Class com.google.common.base.CharMatcher$Whitespace                                   : loaded 2 times (x 112B)
Class ijKotlinCoroutineJvmDebugInit1_byoq0cmdk8nl84n2kdnctl9fo$_run_closure1$_closure2: loaded 2 times (x 136B)
Class org.gradle.internal.IoActions                                                   : loaded 2 times (x 71B)
Class com.google.common.collect.ImmutableMapKeySet                                    : loaded 2 times (x 150B)
Class com.google.common.collect.ImmutableRangeSet$ComplementRanges                    : loaded 2 times (x 207B)
Class org.objectweb.asm.SymbolTable                                                   : loaded 2 times (x 72B)
Class com.google.common.cache.CacheLoader$InvalidCacheLoadException                   : loaded 2 times (x 82B)
Class com.google.common.collect.ImmutableSet$RegularSetBuilderImpl                    : loaded 2 times (x 77B)
Class com.google.common.base.CharMatcher$SingleWidth                                  : loaded 2 times (x 112B)
Class org.gradle.internal.classloader.SystemClassLoaderSpec                           : loaded 2 times (x 71B)
Class com.google.common.collect.FluentIterable                                        : loaded 2 times (x 81B)
Class com.google.common.cache.LocalCache$StrongEntry                                  : loaded 2 times (x 108B)
Class com.google.common.util.concurrent.AbstractFuture$TrustedFuture                  : loaded 2 times (x 114B)
Class com.google.common.cache.LoadingCache                                            : loaded 2 times (x 70B)
Class com.google.common.io.ByteStreams$LimitedInputStream                             : loaded 2 times (x 92B)
Class com.google.common.base.Suppliers$NonSerializableMemoizingSupplier               : loaded 2 times (x 79B)
Class org.objectweb.asm.MethodWriter                                                  : loaded 2 times (x 105B)
Class [Lcom.google.common.cache.Weigher;                                              : loaded 2 times (x 69B)
Class com.google.common.collect.RegularImmutableMap$BucketOverflowException           : loaded 2 times (x 82B)
Class com.google.common.collect.ImmutableMultimap$1                                   : loaded 2 times (x 82B)
Class com.google.common.collect.AbstractMapBasedMultimap$RandomAccessWrappedList      : loaded 2 times (x 205B)
Class com.google.common.reflect.Types$JavaVersion$1                                   : loaded 2 times (x 83B)
Class [Lorg.jetbrains.kotlin.config.ExplicitApiMode;                                  : loaded 2 times (x 69B)
Class com.google.common.collect.AbstractIterator$State                                : loaded 2 times (x 79B)
Class com.google.common.collect.ImmutableMultimap$2                                   : loaded 2 times (x 81B)
Class com.google.common.collect.RegularImmutableBiMap                                 : loaded 2 times (x 148B)
Class com.google.common.cache.LocalCache$ValueReference                               : loaded 2 times (x 70B)
Class com.google.common.base.CharMatcher$Negated                                      : loaded 2 times (x 113B)
Class com.google.common.base.CharMatcher$Is                                           : loaded 2 times (x 111B)
Class com.google.common.reflect.Types$JavaVersion$2                                   : loaded 2 times (x 83B)
Class com.google.common.reflect.Types                                                 : loaded 2 times (x 71B)
Class com.google.common.hash.PrimitiveSink                                            : loaded 2 times (x 70B)
Class com.google.common.util.concurrent.AbstractFuture$Failure                        : loaded 2 times (x 72B)
Class com.google.common.base.PatternCompiler                                          : loaded 2 times (x 70B)
Class com.google.common.base.Equivalence$Equals                                       : loaded 2 times (x 82B)
Class com.google.common.collect.Hashing                                               : loaded 2 times (x 71B)
Class com.google.common.base.Preconditions                                            : loaded 2 times (x 71B)
Class com.google.common.reflect.Types$JavaVersion$3                                   : loaded 2 times (x 83B)
Class com.google.common.io.CharSink                                                   : loaded 2 times (x 79B)
Class com.google.common.base.Joiner$1                                                 : loaded 2 times (x 80B)
Class org.objectweb.asm.Label                                                         : loaded 2 times (x 73B)
Class org.objectweb.asm.CurrentFrame                                                  : loaded 2 times (x 73B)
Class org.objectweb.asm.ClassTooLargeException                                        : loaded 2 times (x 83B)
Class com.google.common.collect.PeekingIterator                                       : loaded 2 times (x 70B)
Class com.google.common.base.CharMatcher                                              : loaded 2 times (x 111B)
Class com.google.common.reflect.Types$JavaVersion$4                                   : loaded 2 times (x 83B)
Class com.google.common.collect.RangeGwtSerializationDependencies                     : loaded 2 times (x 71B)
Class com.google.common.collect.MapMakerInternalMap$InternalEntryHelper               : loaded 2 times (x 70B)
Class com.google.common.io.ByteSource$AsCharSource                                    : loaded 2 times (x 86B)
Class com.google.common.collect.Maps$IteratorBasedAbstractMap                         : loaded 2 times (x 125B)
Class org.jetbrains.kotlin.config.MavenComparableVersion$Item                         : loaded 2 times (x 70B)
Class com.google.common.base.Joiner$2                                                 : loaded 2 times (x 79B)
Class org.objectweb.asm.Frame                                                         : loaded 2 times (x 73B)
Class org.objectweb.asm.MethodVisitor                                                 : loaded 2 times (x 104B)
Class com.google.common.cache.LocalCache$EntryFactory$1                               : loaded 2 times (x 83B)
Class [Lcom.google.common.cache.RemovalListener;                                      : loaded 2 times (x 69B)
Class com.google.common.base.CharMatcher$1                                            : loaded 2 times (x 113B)
Class com.google.common.base.CharMatcher$NamedFastMatcher                             : loaded 2 times (x 112B)
Class com.google.common.reflect.Types$JavaVersion$5                                   : loaded 2 times (x 71B)
Class [Lcom.google.common.reflect.Types$ClassOwnership;                               : loaded 2 times (x 69B)
Class com.google.common.collect.RangeSet                                              : loaded 2 times (x 70B)
Class com.google.common.cache.LocalCache$EntryFactory$2                               : loaded 2 times (x 83B)
Class com.google.common.collect.CollectCollectors                                     : loaded 2 times (x 71B)
Class org.objectweb.asm.ModuleWriter                                                  : loaded 2 times (x 81B)
Class com.google.common.cache.LocalCache$EntryFactory$3                               : loaded 2 times (x 83B)
Class com.google.common.base.Ticker$1                                                 : loaded 2 times (x 72B)
Class com.google.common.collect.ImmutableMapEntrySet$RegularEntrySet                  : loaded 2 times (x 151B)
Class com.google.common.collect.Maps$BiMapConverter                                   : loaded 2 times (x 90B)
Class com.google.common.collect.CollectSpliterators$1                                 : loaded 2 times (x 90B)
Class com.google.common.cache.LocalCache$EntryFactory$4                               : loaded 2 times (x 83B)
Class com.google.common.collect.ImmutableSet$Builder                                  : loaded 2 times (x 85B)
Class com.google.common.base.CharMatcher$InRange                                      : loaded 2 times (x 111B)
Class com.google.common.io.ByteStreams$1                                              : loaded 2 times (x 85B)
Class com.google.common.cache.LocalCache$EntryFactory$5                               : loaded 2 times (x 83B)
Class com.google.common.cache.LocalCache$EntryFactory$6                               : loaded 2 times (x 83B)
Class org.gradle.internal.installation.CurrentGradleInstallationLocator               : loaded 2 times (x 71B)
Class com.google.common.collect.ImmutableMultimap$Builder                             : loaded 2 times (x 83B)
Class com.google.common.io.ByteSource$SlicedByteSource                                : loaded 2 times (x 85B)
Class com.google.common.collect.Maps$KeySet                                           : loaded 2 times (x 137B)
Class com.google.common.cache.LocalCache$EntryFactory$7                               : loaded 2 times (x 83B)
Class com.google.common.collect.ImmutableSet$EmptySetBuilderImpl                      : loaded 2 times (x 76B)
Class com.google.common.collect.ImmutableList                                         : loaded 2 times (x 206B)
Class org.gradle.internal.service.DefaultServiceLocator                               : loaded 2 times (x 83B)
Class com.google.common.collect.ImmutableMultimap$EntryCollection                     : loaded 2 times (x 127B)
Class com.google.common.collect.Maps$EntrySet                                         : loaded 2 times (x 136B)
Class com.google.common.cache.LocalCache$EntryFactory$8                               : loaded 2 times (x 83B)
Class com.google.common.collect.ImmutableSet$SetBuilderImpl                           : loaded 2 times (x 76B)
Class ijJvmDebugger1_azkdnuv88jeuqymuoxqb456w5$_run_closure1                          : loaded 2 times (x 136B)
Class org.gradle.internal.installation.CurrentGradleInstallation                      : loaded 2 times (x 73B)
Class com.google.common.cache.CacheLoader$1                                           : loaded 2 times (x 75B)
Class com.google.common.collect.ForwardingObject                                      : loaded 2 times (x 72B)
Class com.google.common.collect.ImmutableList$SubList                                 : loaded 2 times (x 208B)
Class org.gradle.util.internal.GUtil                                                  : loaded 2 times (x 71B)
Class com.google.common.io.ByteSource                                                 : loaded 2 times (x 84B)
Class com.google.common.util.concurrent.AbstractFuture$SetFuture                      : loaded 2 times (x 75B)
Class com.google.common.cache.AbstractCache$StatsCounter                              : loaded 2 times (x 70B)
Class com.google.common.reflect.Types$TypeVariableImpl                                : loaded 2 times (x 72B)
Class com.google.common.collect.MapMakerInternalMap$1                                 : loaded 2 times (x 83B)
Class com.google.common.io.LineBuffer                                                 : loaded 2 times (x 75B)
Class com.google.common.collect.Iterators$MergingIterator                             : loaded 2 times (x 81B)
Class com.google.common.collect.RegularImmutableSet                                   : loaded 2 times (x 148B)
Class org.gradle.internal.installation.GradleInstallation                             : loaded 2 times (x 75B)
Class org.jetbrains.kotlin.config.LanguageFeature$State                               : loaded 2 times (x 82B)
Class com.google.common.collect.Iterables                                             : loaded 2 times (x 71B)
Class com.google.common.base.Splitter$Strategy                                        : loaded 2 times (x 70B)

---------------  S Y S T E M  ---------------

OS:
 Windows 11 , 64 bit Build 26100 (10.0.26100.7920)
OS uptime: 1 days 2:01 hours
Hyper-V role detected

CPU: total 12 (initial active 12) (6 cores per cpu, 2 threads per core) family 6 model 151 stepping 2 microcode 0x35, cx8, cmov, fxsr, ht, mmx, 3dnowpref, sse, sse2, sse3, ssse3, sse4.1, sse4.2, popcnt, lzcnt, tsc, tscinvbit, avx, avx2, aes, erms, clmul, bmi1, bmi2, adx, sha, fma, vzeroupper, clflush, clflushopt, clwb, hv, serialize, rdtscp, rdpid, fsrm, f16c, cet_ibt, cet_ss
Processor Information for the first 12 processors :
  Max Mhz: 2400, Current Mhz: 2400, Mhz Limit: 2400

Memory: 4k page, system-wide physical 16091M (769M free)
TotalPageFile size 34072M (AvailPageFile size 20M)
current process WorkingSet (physical memory assigned to process): 849M, peak: 864M
current process commit charge ("private bytes"): 925M, peak: 940M

vm_info: OpenJDK 64-Bit Server VM (21.0.8+-14196175-b1038.72) for windows-amd64 JRE (21.0.8+-14196175-b1038.72), built on 2025-10-01T10:24:33Z by "builder" with MS VC++ 16.10 / 16.11 (VS2019)

END.
